base	295	<rune_alloc::hashbrown::map::HashMap<rune_core::hash::Hash, rune::runtime::const_value::node::ConstValueBuf, rune::hash::HashBuildHasher>>::try_insert
base	3	<rune::runtime::FunctionHandler>::new::drop_impl::<<rune::function_meta::AssociatedFunctionData>::from_function<rune::modules::any::__rune_fn__type_of_val, (rune::runtime::value::Value,), rune::function::Plain>::{closure#0}>
base	12	<rune::runtime::FunctionHandler>::new::drop_impl::<<rune::compile::context::TraitContext>::function<rune::modules::cmp::module::{closure#6}::{closure#0}, (rune::runtime::value::Value, rune::runtime::value::Value), &rune_core::protocol::Protocol>::{closure#0}>
base	31	core::ptr::drop_glue::<rune::compile::meta::Kind>
base	1126	cfree@GLIBC_2.2.5
base	14	<rune::compile::context::TraitContext>::function::<rune::modules::iter::module::{closure#1}::{closure#6}, (rune::runtime::value::Value, rune::runtime::function::Function), &str>
base	30	<rune_alloc::vec::Vec<u8>>::try_into_boxed_slice
base	1	<rune_alloc::sync::Arc<<rune::compile::context::TraitContext>::function<rune::modules::iter::module::{closure#1}::{closure#5}, (rune::runtime::value::Value, rune::runtime::value::Value, rune::runtime::function::Function), &str>::{closure#0}>>::drop_slow
base	40	<rune::runtime::FunctionHandler>::new::drop_impl::<<rune::compile::context::TraitContext>::function<rune::modules::iter::module::{closure#1}::{closure#25}, (rune::runtime::value::Value,), rune_core::params::Params<&str, 1>>::{closure#0}>
base	116	<rune::module::module::Module>::ty::<rune::modules::string::Split<rune::runtime::function::Function>>
base	33	<rune::module::module::Module>::implement_trait::<rune::modules::string::Chars>
base	1	<rune::compile::context::MacroHandler>::new::drop_impl::<rune::modules::macros::builtin::__rune_macro__file>
base	2	<rune::runtime::FunctionHandler>::new::drop_impl::<<rune::function_meta::AssociatedFunctionData>::from_instance_function<<rune::runtime::range_inclusive::RangeInclusive>::cmp, (rune::function::Ref<rune::runtime::range_inclusive::RangeInclusive>, rune::function::Ref<rune::runtime::range_inclusive::RangeInclusive>), rune::function::Plain>::{closure#0}>
base	103	<rune::compile::names::Names>::insert::<&rune_core::item::item_buf::ItemBuf>
base	53	<rune::module::module::Module>::insert_associated_name
base	13	<rune_alloc::vec::Vec<rune::compile::context::ContextMeta> as core::ops::drop::Drop>::drop
base	2	rune::modules::string::replace
base	1	<rune::runtime::FunctionHandler>::new::drop_impl::<<rune::compile::context::TraitContext>::function<rune::modules::iter::module::{closure#1}::{closure#20}, (rune::runtime::value::Value,), rune_core::params::Params<&str, 1>>::{closure#0}>
base	134	<rune_alloc::alloc::global::Global>::take
base	3	<rune::runtime::FunctionHandler>::new::drop_impl::<<rune::compile::context::TraitContext>::function<rune::modules::iter::module::{closure#1}::{closure#1}, (rune::runtime::value::Value, usize), &rune_core::protocol::Protocol>::{closure#0}>
base	304	<rune::compile::names::Node as core::ops::drop::Drop>::drop
base	34	<rune::runtime::FunctionHandler>::new::drop_impl::<<rune::compile::context::TraitContext>::function<rune::modules::iter::module::{closure#1}::{closure#4}, (rune::runtime::value::Value,), &str>::{closure#0}>
base	521	<rune::compile::context::Context>::install_meta
base	2	<rune::runtime::FunctionHandler>::new::drop_impl::<<rune::function_meta::AssociatedFunctionData>::from_function<rune::modules::collections::vec_deque::__rune_fn__from, (rune::runtime::vec::Vec,), rune::function::Plain>::{closure#0}>
base	32	<rune::module::module::Module>::insert_associated_function
base	126	<rune::compile::context::Context>::install_item
base	1100	malloc
base	5	<rune::compile::context::TraitHandler>::new::drop_impl::<rune::modules::cmp::module::{closure#6}>
base	22	<str as core::fmt::Display>::fmt
base	42	<rune_core::item::iter::Iter as core::iter::traits::double_ended::DoubleEndedIterator>::next_back
base	915	<rune::compile::context::ContextType as rune_alloc::clone::TryClone>::try_clone
base	5	<rune::compile::context::TraitContext>::function::<rune::modules::iter::module::{closure#1}::{closure#18}, (rune::runtime::value::Value, usize), &str>
base	38	<rune::module::module::Module>::function_meta
base	188	<rune_core::item::component_ref::ComponentRef as rune_core::item::into_component::IntoComponent>::hash_component::<twox_hash::xxhash64::Hasher>
base	4	<rune::runtime::FunctionHandler>::new::drop_impl::<<rune::compile::context::TraitContext>::function<rune::modules::cmp::module::{closure#5}::{closure#2}, (rune::runtime::value::Value, rune::runtime::value::Value), &rune_core::protocol::Protocol>::{closure#0}>
base	1	__rustc::__rdl_dealloc
base	1	<rune::runtime::FunctionHandler>::new::drop_impl::<<rune::compile::context::TraitContext>::function<rune::modules::iter::module::{closure#1}::{closure#6}, (rune::runtime::value::Value, rune::runtime::function::Function), &str>::{closure#0}>
base	314	<rune_alloc::hashbrown::map::HashMap<rune_core::hash::Hash, rune::compile::context::AttributeMacroHandler, rune::hash::HashBuildHasher>>::try_insert
base	2	<rune::runtime::FunctionHandler>::new::drop_impl::<<rune::function_meta::AssociatedFunctionData>::from_instance_function<<rune::runtime::slice::iter::Iter>::nth, (rune::function::Mut<rune::runtime::slice::iter::Iter>, usize), rune::function::Plain>::{closure#0}>
base	47	0xffffffff8f600b90
base	1	<rune::module::module::Module>::implement_trait::<rune::modules::iter::Rev>
base	382	<rune_alloc::hashbrown::raw::RawTable<(rune_core::hash::Hash, rune_alloc::vec::Vec<usize>)>>::reserve_rehash::<(), core::convert::Infallible, rune_alloc::hashbrown::TupleFn<rune_alloc::hashbrown::map::make_hasher<rune_core::hash::Hash, rune::hash::HashBuildHasher>::{closure#0}, rune_alloc::vec::Vec<usize>>>
base	16	<rune::module::module::Module>::type_meta::<rune::modules::string::Split<rune::runtime::function::Function>>
base	262	rune_alloc::raw_vec::finish_grow::<rune_alloc::alloc::global::Global>
base	1	<rune::runtime::FunctionHandler>::new::drop_impl::<<rune::compile::context::TraitContext>::function<rune::modules::iter::module::{closure#1}::{closure#22}, (rune::runtime::value::Value,), rune_core::params::Params<&str, 1>>::{closure#0}>
base	798	<rune_core::item::iter::Iter as core::iter::traits::iterator::Iterator>::next
base	1	<rune::runtime::FunctionHandler>::new::drop_impl::<<rune::compile::context::TraitContext>::function<rune::modules::iter::module::{closure#1}::{closure#15}, (rune::runtime::value::Value, rune::runtime::function::Function), &str>::{closure#0}>
base	0	 
base	1	<rune::runtime::FunctionHandler>::new::drop_impl::<<rune::compile::context::TraitContext>::function<rune::modules::iter::module::{closure#1}::{closure#8}, (rune::runtime::value::Value, rune::runtime::function::Function), &str>::{closure#0}>
base	1	<rune::runtime::FunctionHandler>::new::drop_impl::<<rune::compile::context::TraitContext>::function<rune::modules::iter::module::{closure#1}::{closure#12}, (rune::runtime::value::Value, rune::runtime::function::Function), &str>::{closure#0}>
base	25	<rune::runtime::FunctionHandler>::new::drop_impl::<<rune::compile::context::TraitContext>::function<rune::modules::cmp::module::{closure#6}::{closure#1}, (rune::runtime::value::Value, rune::runtime::value::Value), &rune_core::protocol::Protocol>::{closure#0}>
base	11	<rune_core::hash::Hash>::type_hash::<&rune_core::item::item::Item>
base	820	_int_free_merge_chunk
base	131	<rune_alloc::hashbrown::map::Entry<rune_core::hash::Hash, rune_alloc::vec::Vec<usize>, rune::hash::HashBuildHasher>>::or_try_default
base	88	<rune::runtime::FunctionHandler>::new::drop_impl::<<rune::compile::context::TraitContext>::function<rune::modules::iter::module::{closure#1}::{closure#13}, (rune::runtime::value::Value, rune::runtime::function::Function), &str>::{closure#0}>
base	1	<rune::compile::context::Context>::install_module
base	1	<rune::runtime::FunctionHandler>::new::drop_impl::<<rune::function_meta::AssociatedFunctionData>::from_instance_function<<rune::modules::iter::Peekable>::peek, (rune::function::Mut<rune::modules::iter::Peekable>,), rune::function::Plain>::{closure#0}>
base	38	<rune_alloc::hashbrown::raw::RawTable<(rune_core::item::item_buf::ItemBuf, rune_alloc::btree::set::BTreeSet<rune_core::hash::Hash>)> as core::ops::drop::Drop>::drop
base	121	<&&str as core::fmt::Display>::fmt
base	7	<rune::runtime::FunctionHandler>::new::drop_impl::<<rune::compile::context::TraitContext>::function<rune::modules::iter::module::{closure#1}::{closure#14}, (rune::runtime::value::Value, rune::runtime::function::Function), &str>::{closure#0}>
base	509	<rune_alloc::btree::map::BTreeMap<rune_core::item::component::Component, rune::compile::names::Node>>::entry_with::<(), core::convert::Infallible>
base	4	<rune::module::type_mut::TypeMut<rune::modules::string::Split<rune::runtime::function::Function>>>::make_struct
base	196	__rustc::__rust_no_alloc_shim_is_unstable_v2
base	42	alloc_perturb
base	46	<rune_alloc::btree::map::IntoIter<rune_core::hash::Hash, rune_alloc::btree::set_val::SetValZST> as core::ops::drop::Drop>::drop
base	717	<rune_alloc::fmt::TryWrite::write_fmt::Writer<rune_alloc::string::String> as core::fmt::Write>::write_str
base	345	rune_alloc::limit::take
base	140	__libc_malloc2
base	1	<alloc::vec::Vec<alloc::string::String> as alloc::vec::spec_from_iter_nested::SpecFromIterNested<alloc::string::String, core::iter::adapters::skip::Skip<std::env::Args>>>::from_iter
base	873	_int_malloc
base	8	<rune::runtime::FunctionHandler>::new::drop_impl::<<rune::function_meta::AssociatedFunctionData>::from_instance_function<<rune::modules::collections::vec_deque::VecDeque>::set, (rune::function::Mut<rune::modules::collections::vec_deque::VecDeque>, usize, rune::runtime::value::Value), rune::function::Plain>::{closure#0}>
base	1	<rune::modules::string::Chars>::next_back__meta
base	49	<rune::compile::context::Context>::install_trait_impl
base	71	<rune_alloc::hashbrown::set::HashSet<rune::module::module::Name>>::try_insert
base	111	<rune_alloc::alloc::global::Global as rune_alloc::alloc::allocator::Allocator>::deallocate
base	78	core::ptr::drop_glue::<rune::compile::context::Context>
base	21	<rune::compile::context::TraitContext>::function_inner
base	41	<rune::modules::string::Split<rune::runtime::function::Function>>::next__meta
base	29	<rune::runtime::FunctionHandler>::new::drop_impl::<<rune::function_meta::AssociatedFunctionData>::from_instance_function<rune::modules::bytes::debug_fmt, (rune::function::Ref<[u8]>, rune::function::Mut<rune::runtime::fmt::Formatter>), rune::function::Plain>::{closure#0}>
base	48	<core::hash::BuildHasherDefault<ahash::fallback_hash::AHasher> as core::hash::BuildHasher>::hash_one::<&rune_core::item::item_buf::ItemBuf>
base	15	<rune::runtime::FunctionHandler>::new::drop_impl::<<rune::compile::context::TraitContext>::function<rune::modules::iter::module::{closure#1}::{closure#5}, (rune::runtime::value::Value, rune::runtime::value::Value, rune::runtime::function::Function), &str>::{closure#0}>
base	360	<rune_core::item::item::Item>::extended::<&str>
base	1	<rune::runtime::FunctionHandler>::new::drop_impl::<<rune::function_meta::AssociatedFunctionData>::from_instance_function<<rune::modules::iter::Take>::len, (rune::function::Ref<rune::modules::iter::Take>,), rune::function::Plain>::{closure#0}>
base	1	rune::modules::i64::is_positive
base	32	<rune::modules::iter::Rev>::len__meta
base	22	<rune_alloc::hashbrown::map::HashMap<rune_core::hash::Hash, rune_core::hash::Hash>>::try_insert
base	5	<rune::runtime::FunctionHandler>::new::drop_impl::<<rune::function_meta::AssociatedFunctionData>::from_instance_function<<rune::modules::iter::Enumerate>::len, (rune::function::Ref<rune::modules::iter::Enumerate>,), rune::function::Plain>::{closure#0}>
base	255	<rune_core::hash::Hash>::type_hash::<&rune_core::item::item_buf::ItemBuf>
base	13	<rune::runtime::FunctionHandler>::new::drop_impl::<<rune::function_meta::AssociatedFunctionData>::from_instance_function<<rune::modules::iter::Chain>::size_hint, (rune::function::Ref<rune::modules::iter::Chain>,), rune::function::Plain>::{closure#0}>
base	4	rune::modules::string::module
base	1	<rune_alloc::sync::Arc<<rune::compile::context::TraitContext>::function<rune::modules::iter::module::{closure#1}::{closure#19}, (rune::runtime::value::Value,), rune_core::params::Params<&str, 1>>::{closure#0}>>::drop_slow
base	163	rune_alloc::limit::release
base	1	<rune::runtime::FunctionHandler>::new::drop_impl::<<rune::function_meta::AssociatedFunctionData>::from_instance_function<<rune::modules::collections::hash_set::Iter>::size_hint, (rune::function::Ref<rune::modules::collections::hash_set::Iter>,), rune::function::Plain>::{closure#0}>
base	24	core::ptr::drop_glue::<rune::compile::context::ContextType>
base	15	<&rune_core::item::item_buf::ItemBuf as core::fmt::Display>::fmt
base	25	<rune::runtime::FunctionHandler>::new::drop_impl::<<rune::compile::context::TraitContext>::function<rune::modules::iter::module::{closure#1}::{closure#17}, (rune::runtime::value::Value, usize), &str>::{closure#0}>
base	3	<rune::compile::context::TraitHandler>::new::call_impl::<rune::modules::iter::module::{closure#1}>
base	1	__strlen_avx2
base	81	_int_free_chunk
base	103	<core::fmt::Formatter>::pad
base	1	<rune::runtime::FunctionHandler>::new::drop_impl::<<rune::function_meta::AssociatedFunctionData>::from_instance_function<<rune::runtime::range::Range>::into_iter, (rune::function::Ref<rune::runtime::range::Range>,), rune::function::Plain>::{closure#0}>
base	4	<rune::compile::context::Context>::install_type
base	67	<rune_alloc::hashbrown::map::Entry<rune_core::item::item_buf::ItemBuf, rune_alloc::btree::set::BTreeSet<rune_core::hash::Hash>, core::hash::BuildHasherDefault<ahash::fallback_hash::AHasher>>>::or_try_default
base	7	rune::modules::iter::module
base	5	<rune::compile::context::TraitContext>::function::<rune::modules::iter::module::{closure#1}::{closure#5}, (rune::runtime::value::Value, rune::runtime::value::Value, rune::runtime::function::Function), &str>
base	1	<rune::compile::context::Context>::install_type_info
base	57	<rune_alloc::raw_vec::RawVec<u8>>::shrink
base	1	<rune::runtime::FunctionHandler>::new::drop_impl::<<rune::compile::context::TraitContext>::function<rune::modules::iter::module::{closure#1}::{closure#16}, (rune::runtime::value::Value,), &str>::{closure#0}>
base	24	<rune_alloc::btree::map::entry::VacantEntry<rune_core::hash::Hash, rune_alloc::btree::set_val::SetValZST>>::try_insert
base	338	<twox_hash::xxhash64::Hasher as core::hash::Hasher>::finish
base	5	<rune_alloc::sync::Arc<<rune::function_meta::AssociatedFunctionData>::from_instance_function<rune::modules::result::partial_cmp, (rune::function::Ref<core::result::Result<rune::runtime::value::Value, rune::runtime::value::Value>>, rune::function::Ref<core::result::Result<rune::runtime::value::Value, rune::runtime::value::Value>>), rune::function::Plain>::{closure#0}>>::drop_slow
base	302	<rune::runtime::FunctionHandler>::new::clone_impl::<<rune::function_meta::AssociatedFunctionData>::from_instance_function<rune::modules::result::partial_cmp, (rune::function::Ref<core::result::Result<rune::runtime::value::Value, rune::runtime::value::Value>>, rune::function::Ref<core::result::Result<rune::runtime::value::Value, rune::runtime::value::Value>>), rune::function::Plain>::{closure#0}>
base	1	<rune::runtime::FunctionHandler>::new::drop_impl::<<rune::function_meta::AssociatedFunctionData>::from_instance_function<<rune::runtime::range_full::RangeFull>::cmp, (rune::function::Ref<rune::runtime::range_full::RangeFull>, rune::function::Ref<rune::runtime::range_full::RangeFull>), rune::function::Plain>::{closure#0}>
base	365	unlink_chunk.isra.0
base	81	core::ptr::drop_glue::<rune::module::module_meta::ModuleAssociated>
base	40	<rune::compile::meta::AssociatedKind as rune_alloc::clone::TryClone>::try_clone
base	7	<rune::compile::context::TraitContext>::function::<rune::modules::iter::module::{closure#1}::{closure#26}, (rune::runtime::value::Value,), rune_core::params::Params<&str, 1>>
base	709	<rune_core::item::item::Item as core::fmt::Display>::fmt
base	71	<rune_core::item::component_ref::ComponentRef as core::fmt::Display>::fmt
base	32	<rune::runtime::FunctionHandler>::new::drop_impl::<<rune::compile::context::TraitContext>::function<rune::modules::iter::module::{closure#1}::{closure#31}, (rune::runtime::value::Value,), rune_core::params::Params<&str, 1>>::{closure#0}>
base	832	__memmove_avx_unaligned_erms
base	820	__memcmp_avx2_movbe
base	70	<rune_alloc::hashbrown::map::HashMap<rune_core::item::item_buf::ItemBuf, rune_alloc::btree::set::BTreeSet<rune_core::hash::Hash>>>::entry
base	34	<rune_alloc::hashbrown::raw::RawTable<(rune_core::hash::Hash, rune::runtime::const_value::node::ConstValueBuf)> as core::ops::drop::Drop>::drop
base	1	__memset_avx2_unaligned_erms
base	21	<rune_core::hash::Hash>::ident
base	6	<rune::runtime::FunctionHandler>::new::drop_impl::<<rune::function_meta::AssociatedFunctionData>::from_instance_function<rune::modules::string::__rune_fn__split, (rune::runtime::ref::Ref<str>, rune::runtime::value::Value), rune::function::Plain>::{closure#0}>
base	5	<rune::runtime::FunctionHandler>::new::drop_impl::<<rune::function_meta::AssociatedFunctionData>::from_instance_function<<rune::modules::iter::Peekable>::next, (rune::function::Mut<rune::modules::iter::Peekable>,), rune::function::Plain>::{closure#0}>
base	522	core::fmt::write
base	1	<rune::compile::context::TraitHandler>::new::call_impl::<rune::modules::iter::module::{closure#2}>
base	113	__rustc::__rust_alloc
base	772	<twox_hash::xxhash64::Hasher as core::hash::Hasher>::write
base	3	<rune::compile::context::TraitContext>::function::<rune::modules::iter::module::{closure#1}::{closure#4}, (rune::runtime::value::Value,), &str>
base	25	<rune_alloc::btree::map::IntoIter<rune_core::item::component::Component, rune::compile::names::Node> as core::ops::drop::Drop>::drop
base	48	<core::hash::BuildHasherDefault<ahash::fallback_hash::AHasher> as core::hash::BuildHasher>::hash_one::<&rune::module::module::Name>
base	1	<rune::modules::iter::Rev>::size_hint__meta
base	1	<rune::runtime::FunctionHandler>::new::drop_impl::<<rune::compile::context::TraitContext>::function<rune::modules::cmp::module::{closure#5}::{closure#0}, (rune::runtime::value::Value, rune::runtime::value::Value), &rune_core::protocol::Protocol>::{closure#0}>
base	7	<rune::compile::context::TraitHandler>::new::drop_impl::<rune::modules::iter::module::{closure#1}>
base	133	__rustc::__rust_dealloc
base	4	<rune::runtime::FunctionHandler>::new::drop_impl::<<rune::function_meta::AssociatedFunctionData>::from_instance_function<<rune::modules::iter::Peekable>::size_hint, (rune::function::Ref<rune::modules::iter::Peekable>,), rune::function::Plain>::{closure#0}>
base	1	__memchr_avx2
base	135	<rune_alloc::btree::map::entry::Entry<rune_core::item::component::Component, rune::compile::names::Node>>::or_try_default
base	117	__rustc::__rdl_alloc
base	100	_int_free_maybe_trim
base	5	<rune::runtime::FunctionHandler>::new::drop_impl::<<rune::function_meta::AssociatedFunctionData>::from_instance_function<rune::modules::result::partial_cmp, (rune::function::Ref<core::result::Result<rune::runtime::value::Value, rune::runtime::value::Value>>, rune::function::Ref<core::result::Result<rune::runtime::value::Value, rune::runtime::value::Value>>), rune::function::Plain>::{closure#0}>
base	557	<rune::compile::context::Context>::install_associated
base	598	rune_core::item::internal::write_str::<rune_alloc::alloc::global::Global>
base	151	rune_core::item::into_component::into_component
base	49	<rune::compile::context::TraitContext>::find
base	58	<rune_alloc::btree::map::IntoIter<rune_core::item::component::Component, rune::compile::names::Node>>::dying_next
base	23	<rune::compile::context::MacroHandler>::new::clone_impl::<rune::modules::macros::builtin::__rune_macro__file>
base	408	<rune::compile::context::Context>::insert_native_fn
base	39	<rune_alloc::hashbrown::raw::RawTable<(rune::module::module::Name, ())>>::reserve_rehash::<(), core::convert::Infallible, rune_alloc::hashbrown::TupleFn<rune_alloc::hashbrown::map::make_hasher<rune::module::module::Name, core::hash::BuildHasherDefault<ahash::fallback_hash::AHasher>>::{closure#0}, ()>>
base	1	<rune::compile::context::TraitContext>::function::<rune::modules::iter::module::{closure#1}::{closure#30}, (rune::runtime::value::Value,), rune_core::params::Params<&str, 1>>
base	6	<rune::compile::context::Context>::install::<rune::module::module::Module>
base	2	<rune::runtime::FunctionHandler>::new::drop_impl::<<rune::compile::context::TraitContext>::function<rune::modules::iter::module::{closure#1}::{closure#18}, (rune::runtime::value::Value, usize), &str>::{closure#0}>
base	1	rune::modules::i64::abs
base	4	__vfscanf_internal
base	1	<rune::compile::context::MacroHandler>::new::drop_impl::<rune::modules::core::__rune_macro__stringify_macro>
base	20670	TOTAL
cand	1	<rune::runtime::FunctionHandler>::new::drop_impl::<<rune::function_meta::AssociatedFunctionData>::from_instance_function<<rune::runtime::object::RuneIter>::next, (rune::function::Mut<rune::runtime::object::RuneIter>,), rune::function::Plain>::{closure#0}>
cand	259	<rune_alloc::hashbrown::map::HashMap<rune_core::hash::Hash, rune::runtime::const_value::node::ConstValueBuf, rune::hash::HashBuildHasher>>::try_insert
cand	77	core::ptr::drop_glue::<rune::compile::meta::Kind>
cand	905	cfree@GLIBC_2.2.5
cand	22	<rune::module::module::Module>::implement_trait::<rune::modules::collections::hash_set::Iter>
cand	34	<rune_alloc::vec::Vec<u8>>::try_into_boxed_slice
cand	3	<rune_alloc::vec::Vec<rune::compile::names::Node> as core::ops::drop::Drop>::drop
cand	61	<rune::runtime::FunctionHandler>::new::drop_impl::<<rune::compile::context::TraitContext>::function<rune::modules::iter::module::{closure#1}::{closure#25}, (rune::runtime::value::Value,), rune_core::params::Params<&str, 1>>::{closure#0}>
cand	3	<rune::compile::context::TraitContext>::function::<rune::modules::iter::module::{closure#1}::{closure#29}, (rune::runtime::value::Value,), rune_core::params::Params<&str, 1>>
cand	33	<rune_alloc::btree::node::Handle<rune_alloc::btree::node::NodeRef<rune_alloc::btree::node::marker::Mut, rune_core::hash::Hash, rune_alloc::btree::set_val::SetValZST, rune_alloc::btree::node::marker::Leaf>, rune_alloc::btree::node::marker::Edge>>::insert_recursing::<rune_alloc::alloc::global::Global, <rune_alloc::btree::map::entry::VacantEntry<rune_core::hash::Hash, rune_alloc::btree::set_val::SetValZST>>::try_insert::{closure#0}>
cand	1	rune::modules::f64::is_nan
cand	1	core::ptr::drop_glue::<rune::module::module_meta::ModuleTraitImpl>
cand	98	<rune_alloc::btree::node::Handle<rune_alloc::btree::node::NodeRef<rune_alloc::btree::node::marker::Mut, rune_core::item::component::Component, rune::compile::names::Node, rune_alloc::btree::node::marker::Leaf>, rune_alloc::btree::node::marker::Edge>>::insert_recursing::<rune_alloc::alloc::global::Global, <rune_alloc::btree::map::entry::VacantEntry<rune_core::item::component::Component, rune::compile::names::Node>>::try_insert::{closure#0}>
cand	1	<rune::runtime::FunctionHandler>::new::drop_impl::<<rune::compile::context::TraitContext>::function<rune::modules::iter::module::{closure#1}::{closure#30}, (rune::runtime::value::Value,), rune_core::params::Params<&str, 1>>::{closure#0}>
cand	144	<rune::compile::names::Names>::insert::<&rune_core::item::item_buf::ItemBuf>
cand	85	<rune::module::module::Module>::insert_associated_name
cand	53	<rune_alloc::vec::Vec<rune::compile::context::ContextMeta> as core::ops::drop::Drop>::drop
cand	51	<rune::runtime::FunctionHandler>::new::drop_impl::<<rune::compile::context::TraitContext>::function<rune::modules::iter::module::{closure#1}::{closure#20}, (rune::runtime::value::Value,), rune_core::params::Params<&str, 1>>::{closure#0}>
cand	194	<rune_alloc::alloc::global::Global>::take
cand	4	<rune::runtime::FunctionHandler>::new::drop_impl::<<rune::compile::context::TraitContext>::function<rune::modules::iter::module::{closure#1}::{closure#1}, (rune::runtime::value::Value, usize), &rune_core::protocol::Protocol>::{closure#0}>
cand	307	<rune::compile::names::Node as core::ops::drop::Drop>::drop
cand	582	<rune::compile::context::Context>::install_meta
cand	3	<rune::compile::context::TraitContext>::function::<rune::modules::iter::module::{closure#1}::{closure#25}, (rune::runtime::value::Value,), rune_core::params::Params<&str, 1>>
cand	8	<rune::runtime::FunctionHandler>::new::drop_impl::<<rune::module::variant_mut::VariantMut<core::option::Option<rune::runtime::value::Value>>>::constructor<rune::modules::option::module::{closure#0}, ()>::{closure#0}>
cand	127	<rune::module::module::Module>::insert_associated_function
cand	3	<rune::compile::context::Context>::install_item
cand	1177	malloc
cand	22	<str as core::fmt::Display>::fmt
cand	3	<rune::runtime::FunctionHandler>::new::drop_impl::<<rune::function_meta::AssociatedFunctionData>::from_instance_function<rune::modules::u64::__rune_fn__to_string, (u64,), rune::function::Plain>::{closure#0}>
cand	6	<rune::runtime::FunctionHandler>::new::drop_impl::<<rune::function_meta::AssociatedFunctionData>::from_instance_function<<rune::runtime::range_to_inclusive::RangeToInclusive>::partial_cmp, (rune::function::Ref<rune::runtime::range_to_inclusive::RangeToInclusive>, rune::function::Ref<rune::runtime::range_to_inclusive::RangeToInclusive>), rune::function::Plain>::{closure#0}>
cand	48	<rune_core::item::iter::Iter as core::iter::traits::double_ended::DoubleEndedIterator>::next_back
cand	749	<rune::compile::context::ContextType as rune_alloc::clone::TryClone>::try_clone
cand	96	<rune::module::module::Module>::function_meta
cand	67	<rune_core::item::component_ref::ComponentRef as rune_core::item::into_component::IntoComponent>::hash_component::<twox_hash::xxhash64::Hasher>
cand	127	<rune_alloc::hashbrown::map::HashMap<rune::module::module::Name, ()>>::try_insert
cand	1	<rune::runtime::FunctionHandler>::new::drop_impl::<<rune::compile::context::TraitContext>::function<rune::modules::iter::module::{closure#1}::{closure#27}, (rune::runtime::value::Value,), rune_core::params::Params<&str, 1>>::{closure#0}>
cand	24	<rune::runtime::FunctionHandler>::new::drop_impl::<<rune::compile::context::TraitContext>::function<rune::modules::iter::module::{closure#1}::{closure#9}, (rune::runtime::value::Value, rune::runtime::function::Function), &str>::{closure#0}>
cand	1	<rune::runtime::FunctionHandler>::new::drop_impl::<<rune::compile::context::TraitContext>::function<rune::modules::iter::module::{closure#1}::{closure#6}, (rune::runtime::value::Value, rune::runtime::function::Function), &str>::{closure#0}>
cand	7	<rune::runtime::FunctionHandler>::new::drop_impl::<<rune::function_meta::AssociatedFunctionData>::from_instance_function<rune::modules::string::__rune_fn__into_bytes, (rune_alloc::string::String,), rune::function::Plain>::{closure#0}>
cand	5	__rustc::__rdl_dealloc
cand	140	<rune_alloc::hashbrown::map::HashMap<rune_core::hash::Hash, rune::compile::context::AttributeMacroHandler, rune::hash::HashBuildHasher>>::try_insert
cand	31	0xffffffff8f600b90
cand	2	<rune::compile::context::TraitContext>::function::<rune::modules::iter::module::{closure#1}::{closure#21}, (rune::runtime::value::Value,), rune_core::params::Params<&str, 1>>
cand	3	<rune_alloc::hashbrown::raw::RawTable<(rune_core::hash::Hash, rune_alloc::vec::Vec<usize>)>>::reserve_rehash::<(), core::convert::Infallible, rune_alloc::hashbrown::TupleFn<rune_alloc::hashbrown::map::make_hasher<rune_core::hash::Hash, rune::hash::HashBuildHasher>::{closure#0}, rune_alloc::vec::Vec<usize>>>
cand	1	<rune::module::module::Module>::implement_trait::<rune::modules::collections::hash_map::Values>
cand	235	rune_alloc::raw_vec::finish_grow::<rune_alloc::alloc::global::Global>
cand	7	<rune::runtime::FunctionHandler>::new::drop_impl::<<rune::function_meta::AssociatedFunctionData>::from_instance_function<<rune::runtime::range_inclusive::RangeInclusive as rune::module::install_with::InstallWith>::install_with::{closure#1}, (rune::function::Mut<rune::runtime::range_inclusive::RangeInclusive>, rune::runtime::value::Value), rune::function::Plain>::{closure#0}>
cand	10	<rune::runtime::FunctionHandler>::new::drop_impl::<<rune::compile::context::TraitContext>::function<rune::modules::iter::module::{closure#1}::{closure#22}, (rune::runtime::value::Value,), rune_core::params::Params<&str, 1>>::{closure#0}>
cand	637	<rune_core::item::iter::Iter as core::iter::traits::iterator::Iterator>::next
cand	6	<rune::compile::context::TraitHandler>::new::call_impl::<rune::modules::cmp::module::{closure#5}>
cand	25	<rune::modules::collections::vec_deque::VecDeque>::reserve
cand	2	rune::modules::string::capacity
cand	0	 
cand	12	<rune::runtime::FunctionHandler>::new::drop_impl::<<rune::function_meta::AssociatedFunctionData>::from_instance_function<<rune::modules::collections::hash_map::Keys>::__rune_fn__next, (rune::function::Mut<rune::modules::collections::hash_map::Keys>,), rune::function::Plain>::{closure#0}>
cand	9	<rune_core::hash::Hash>::type_hash::<&rune_core::item::item::Item>
cand	10	<rune::runtime::FunctionHandler>::new::drop_impl::<<rune::compile::context::TraitContext>::function<rune::modules::iter::module::{closure#1}::{closure#12}, (rune::runtime::value::Value, rune::runtime::function::Function), &str>::{closure#0}>
cand	11	<rune::runtime::FunctionHandler>::new::drop_impl::<<rune::compile::context::TraitContext>::function<rune::modules::iter::module::{closure#1}::{closure#8}, (rune::runtime::value::Value, rune::runtime::function::Function), &str>::{closure#0}>
cand	6	<rune::runtime::FunctionHandler>::new::drop_impl::<<rune::compile::context::TraitContext>::function<rune::modules::iter::module::{closure#1}::{closure#10}, (rune::runtime::value::Value, rune::runtime::value::Value), &str>::{closure#0}>
cand	1	<rune::modules::collections::hash_map::HashMap>::keys__meta
cand	1	<rune::runtime::range_full::RangeFull>::partial_cmp__meta
cand	654	_int_free_merge_chunk
cand	145	<rune_alloc::hashbrown::map::Entry<rune_core::hash::Hash, rune_alloc::vec::Vec<usize>, rune::hash::HashBuildHasher>>::or_try_default
cand	49	<rune::compile::context::Context>::install_module
cand	7	<rune_alloc::hashbrown::raw::RawTable<(rune_core::item::item_buf::ItemBuf, rune_alloc::btree::set::BTreeSet<rune_core::hash::Hash>)> as core::ops::drop::Drop>::drop
cand	73	<&&str as core::fmt::Display>::fmt
cand	2	<rune::runtime::FunctionHandler>::new::drop_impl::<<rune::compile::context::TraitContext>::function<rune::modules::iter::module::{closure#1}::{closure#2}, (rune::runtime::value::Value,), &rune_core::protocol::Protocol>::{closure#0}>
cand	9	<rune::runtime::FunctionHandler>::new::drop_impl::<<rune::compile::context::TraitContext>::function<rune::modules::iter::module::{closure#1}::{closure#19}, (rune::runtime::value::Value,), rune_core::params::Params<&str, 1>>::{closure#0}>
cand	437	<rune_alloc::btree::map::BTreeMap<rune_core::item::component::Component, rune::compile::names::Node>>::entry_with::<(), core::convert::Infallible>
cand	211	__rustc::__rust_no_alloc_shim_is_unstable_v2
cand	51	alloc_perturb
cand	36	<rune_alloc::btree::map::IntoIter<rune_core::hash::Hash, rune_alloc::btree::set_val::SetValZST> as core::ops::drop::Drop>::drop
cand	2	<rune::compile::context::TraitContext>::function::<rune::modules::iter::module::{closure#1}::{closure#12}, (rune::runtime::value::Value, rune::runtime::function::Function), &str>
cand	674	<rune_alloc::fmt::TryWrite::write_fmt::Writer<rune_alloc::string::String> as core::fmt::Write>::write_str
cand	364	rune_alloc::limit::take
cand	39	rune::modules::f64::min__meta
cand	135	__libc_malloc2
cand	53	<rune::modules::collections::vec_deque::VecDeque>::from_iter__meta
cand	1326	_int_malloc
cand	28	<rune::runtime::FunctionHandler>::new::drop_impl::<<rune::compile::context::TraitContext>::function<rune::modules::iter::module::{closure#1}::{closure#24}, (rune::runtime::value::Value,), rune_core::params::Params<&str, 1>>::{closure#0}>
cand	1	<rune::compile::context::Context>::install_trait_impl
cand	16	<rune::module::module::Module>::type_meta::<rune::modules::collections::hash_set::Difference>
cand	1	<rune_alloc::hashbrown::raw::RawTable<(rune_core::hash::Hash, rune::compile::context::ContextType)> as core::ops::drop::Drop>::drop
cand	4	<rune::runtime::FunctionHandler>::new::drop_impl::<<rune::function_meta::AssociatedFunctionData>::from_instance_function<<rune::runtime::range_to::RangeTo>::partial_eq, (rune::function::Ref<rune::runtime::range_to::RangeTo>, rune::function::Ref<rune::runtime::range_to::RangeTo>), rune::function::Plain>::{closure#0}>
cand	133	<rune_alloc::alloc::global::Global as rune_alloc::alloc::allocator::Allocator>::deallocate
cand	79	core::ptr::drop_glue::<rune::compile::context::Context>
cand	18	<rune::compile::context::TraitContext>::function_inner
cand	7	<rune::runtime::FunctionHandler>::new::drop_impl::<<rune::compile::context::TraitContext>::function<rune::modules::iter::module::{closure#1}::{closure#29}, (rune::runtime::value::Value,), rune_core::params::Params<&str, 1>>::{closure#0}>
cand	1	<rune::compile::context::Context>::with_default_modules
cand	8	<rune::compile::context::TraitContext>::try_find::<&rune_core::protocol::Protocol>
cand	139	<core::hash::BuildHasherDefault<ahash::fallback_hash::AHasher> as core::hash::BuildHasher>::hash_one::<&rune_core::item::item_buf::ItemBuf>
cand	412	<rune_core::item::item::Item>::extended::<&str>
cand	34	<rune::modules::iter::Rev>::len__meta
cand	10	<rune_alloc::hashbrown::map::HashMap<rune_core::hash::Hash, rune_core::hash::Hash>>::try_insert
cand	124	<rune_core::hash::Hash>::type_hash::<&rune_core::item::item_buf::ItemBuf>
cand	191	rune_alloc::limit::release
cand	31	core::ptr::drop_glue::<rune::compile::context::ContextType>
cand	15	<&rune_core::item::item_buf::ItemBuf as core::fmt::Display>::fmt
cand	1	_IO_no_init
cand	1	<rune::module::type_mut::TypeMut<rune::modules::collections::hash_set::HashSet>>::make_struct
cand	1	<rune::compile::context::TraitHandler>::new::call_impl::<rune::modules::iter::module::{closure#1}>
cand	1	<rune::runtime::FunctionHandler>::new::drop_impl::<<rune::compile::context::TraitContext>::function<rune::modules::iter::module::{closure#1}::{closure#17}, (rune::runtime::value::Value, usize), &str>::{closure#0}>
cand	1	__strlen_avx2
cand	3	<core::hash::BuildHasherDefault<ahash::fallback_hash::AHasher> as core::hash::BuildHasher>::hash_one::<&rune_alloc::boxed::Box<str>>
cand	71	_int_free_chunk
cand	1	<rune_alloc::hashbrown::map::HashMap<rune_alloc::boxed::Box<str>, ()>>::try_insert
cand	1	<rune::module::module::Module>::implement_trait::<rune::runtime::range_full::RangeFull>
cand	2	<rune::compile::context::TraitContext>::function::<rune::modules::iter::module::{closure#1}::{closure#11}, (rune::runtime::value::Value,), &str>
cand	101	<core::fmt::Formatter>::pad
cand	8	<rune::runtime::FunctionHandler>::new::drop_impl::<<rune::function_meta::AssociatedFunctionData>::from_instance_function<rune::modules::f64::partial_cmp, (f64, f64), rune::function::Plain>::{closure#0}>
cand	5	<rune::runtime::FunctionHandler>::new::drop_impl::<<rune::function_meta::AssociatedFunctionData>::from_instance_function<<rune::runtime::range_full::RangeFull>::eq, (rune::function::Ref<rune::runtime::range_full::RangeFull>, rune::function::Ref<rune::runtime::range_full::RangeFull>), rune::function::Plain>::{closure#0}>
cand	3	<rune::runtime::FunctionHandler>::new::drop_impl::<<rune::function_meta::AssociatedFunctionData>::from_instance_function<rune::modules::vec::__rune_fn__sort, (rune::function::Mut<rune::runtime::vec::Vec>,), rune::function::Plain>::{closure#0}>
cand	125	<rune_alloc::hashbrown::map::Entry<rune_core::item::item_buf::ItemBuf, rune_alloc::btree::set::BTreeSet<rune_core::hash::Hash>, core::hash::BuildHasherDefault<ahash::fallback_hash::AHasher>>>::or_try_default
cand	4	rune::modules::iter::module
cand	1	<rune::module::module::Module>::implement_trait::<rune::runtime::range_to_inclusive::RangeToInclusive>
cand	4	<rune::compile::context::Context>::install_type_info
cand	6	<rune::runtime::FunctionHandler>::new::drop_impl::<<rune::compile::context::TraitContext>::function<rune::modules::iter::module::{closure#1}::{closure#21}, (rune::runtime::value::Value,), rune_core::params::Params<&str, 1>>::{closure#0}>
cand	1	<rune_alloc::hashbrown::map::HashMap<rune_core::hash::Hash, rune::compile::context::ContextType, rune::hash::HashBuildHasher>>::try_insert
cand	1	<rune::runtime::FunctionHandler>::new::drop_impl::<<rune::function_meta::AssociatedFunctionData>::from_instance_function<rune::modules::f64::__rune_fn__asin, (f64,), rune::function::Plain>::{closure#0}>
cand	65	<rune_alloc::raw_vec::RawVec<u8>>::shrink
cand	1	rune::modules::f64::is_normal
cand	49	<rune_alloc::btree::map::entry::VacantEntry<rune_core::hash::Hash, rune_alloc::btree::set_val::SetValZST>>::try_insert
cand	1	<rune::runtime::FunctionHandler>::new::drop_impl::<<rune::compile::context::TraitContext>::function<rune::modules::iter::module::{closure#1}::{closure#16}, (rune::runtime::value::Value,), &str>::{closure#0}>
cand	5	<rune_alloc::sync::Arc<<rune::function_meta::AssociatedFunctionData>::from_instance_function<rune::modules::result::partial_cmp, (rune::function::Ref<core::result::Result<rune::runtime::value::Value, rune::runtime::value::Value>>, rune::function::Ref<core::result::Result<rune::runtime::value::Value, rune::runtime::value::Value>>), rune::function::Plain>::{closure#0}>>::drop_slow
cand	498	<twox_hash::xxhash64::Hasher as core::hash::Hasher>::finish
cand	2	<rune::module::type_mut::TypeMut<rune::modules::collections::hash_set::Difference>>::make_struct
cand	1	<rune::compile::context::TraitContext>::function::<rune::modules::iter::module::{closure#1}::{closure#24}, (rune::runtime::value::Value,), rune_core::params::Params<&str, 1>>
cand	407	<rune::runtime::FunctionHandler>::new::clone_impl::<<rune::function_meta::AssociatedFunctionData>::from_instance_function<rune::modules::result::partial_cmp, (rune::function::Ref<core::result::Result<rune::runtime::value::Value, rune::runtime::value::Value>>, rune::function::Ref<core::result::Result<rune::runtime::value::Value, rune::runtime::value::Value>>), rune::function::Plain>::{closure#0}>
cand	326	unlink_chunk.isra.0
cand	1	__GI_____strtoull_l_internal
cand	1	<rune::runtime::FunctionHandler>::new::drop_impl::<<rune::module::type_mut::TypeMut<rune::runtime::range_inclusive::RangeInclusive>>::constructor<<rune::runtime::range_inclusive::RangeInclusive as rune::module::install_with::InstallWith>::install_with::{closure#4}, (rune::runtime::value::Value, rune::runtime::value::Value)>::{closure#0}>
cand	4	<rune::compile::context::TraitContext>::function::<rune::modules::iter::module::{closure#1}::{closure#26}, (rune::runtime::value::Value,), rune_core::params::Params<&str, 1>>
cand	46	core::ptr::drop_glue::<rune::module::module_meta::ModuleAssociated>
cand	52	<rune::compile::meta::AssociatedKind as rune_alloc::clone::TryClone>::try_clone
cand	3	rune::modules::collections::hash_set::module
cand	524	<rune_core::item::item::Item as core::fmt::Display>::fmt
cand	47	<rune_core::item::component_ref::ComponentRef as core::fmt::Display>::fmt
cand	3	<rune::runtime::FunctionHandler>::new::drop_impl::<<rune::compile::context::TraitContext>::function<rune::modules::iter::module::{closure#1}::{closure#31}, (rune::runtime::value::Value,), rune_core::params::Params<&str, 1>>::{closure#0}>
cand	1	<rune::runtime::FunctionHandler>::new::drop_impl::<<rune::function_meta::AssociatedFunctionData>::from_instance_function<<rune::modules::collections::vec_deque::Iter>::next_back, (rune::function::Mut<rune::modules::collections::vec_deque::Iter>,), rune::function::Plain>::{closure#0}>
cand	34	<rune::runtime::FunctionHandler>::new::drop_impl::<<rune::compile::context::TraitContext>::function<rune::modules::iter::module::{closure#1}::{closure#3}, (rune::runtime::value::Value,), &str>::{closure#0}>
cand	525	__memmove_avx_unaligned_erms
cand	1339	__memcmp_avx2_movbe
cand	160	<rune_alloc::hashbrown::map::HashMap<rune_core::item::item_buf::ItemBuf, rune_alloc::btree::set::BTreeSet<rune_core::hash::Hash>>>::entry
cand	98	<rune_alloc::hashbrown::raw::RawTable<(rune_core::hash::Hash, rune::runtime::const_value::node::ConstValueBuf)> as core::ops::drop::Drop>::drop
cand	20	<rune_core::hash::Hash>::ident
cand	25	__memset_avx2_unaligned_erms
cand	2	<rune::compile::context::TraitContext>::function::<rune::modules::iter::module::{closure#1}::{closure#10}, (rune::runtime::value::Value, rune::runtime::value::Value), &str>
cand	366	core::fmt::write
cand	120	__rustc::__rust_alloc
cand	24	<rune::modules::collections::hash_set::Difference>::next__meta
cand	337	<twox_hash::xxhash64::Hasher as core::hash::Hasher>::write
cand	7	<rune::compile::context::TraitContext>::function::<rune::modules::iter::module::{closure#1}::{closure#4}, (rune::runtime::value::Value,), &str>
cand	47	<rune_alloc::btree::map::IntoIter<rune_core::item::component::Component, rune::compile::names::Node> as core::ops::drop::Drop>::drop
cand	302	<core::hash::BuildHasherDefault<ahash::fallback_hash::AHasher> as core::hash::BuildHasher>::hash_one::<&rune::module::module::Name>
cand	417	<rune_alloc::hashbrown::raw::RawTable<(rune_core::hash::Hash, rune::runtime::const_value::node::ConstValueBuf)>>::reserve_rehash::<(), core::convert::Infallible, rune_alloc::hashbrown::TupleFn<rune_alloc::hashbrown::map::make_hasher<rune_core::hash::Hash, rune::hash::HashBuildHasher>::{closure#0}, rune::runtime::const_value::node::ConstValueBuf>>
cand	10	<rune::modules::iter::Rev>::size_hint__meta
cand	105	__rustc::__rust_dealloc
cand	2	<rune::runtime::FunctionHandler>::new::drop_impl::<<rune::compile::context::TraitContext>::function<rune::modules::iter::module::{closure#1}::{closure#28}, (rune::runtime::value::Value,), rune_core::params::Params<&str, 1>>::{closure#0}>
cand	138	<rune_alloc::btree::map::entry::Entry<rune_core::item::component::Component, rune::compile::names::Node>>::or_try_default
cand	116	__rustc::__rdl_alloc
cand	48	_int_free_maybe_trim
cand	480	<rune::compile::context::Context>::install_associated
cand	35	<rune::runtime::FunctionHandler>::new::drop_impl::<<rune::compile::context::TraitContext>::function<rune::modules::iter::module::{closure#1}::{closure#23}, (rune::runtime::value::Value,), rune_core::params::Params<&str, 1>>::{closure#0}>
cand	344	rune_core::item::internal::write_str::<rune_alloc::alloc::global::Global>
cand	162	rune_core::item::into_component::into_component
cand	1	<rune::compile::context::TraitContext>::find
cand	90	<rune::module::module::Module>::ty::<rune::modules::collections::hash_set::Difference>
cand	59	rune::modules::f64::max__meta
cand	14	<rune::runtime::FunctionHandler>::new::drop_impl::<<rune::compile::context::TraitContext>::function<rune::modules::iter::module::{closure#1}::{closure#11}, (rune::runtime::value::Value,), &str>::{closure#0}>
cand	141	<rune_alloc::btree::map::IntoIter<rune_core::item::component::Component, rune::compile::names::Node>>::dying_next
cand	1	<rune::compile::context::MacroHandler>::new::clone_impl::<rune::modules::macros::builtin::__rune_macro__file>
cand	5	<rune_alloc::hashbrown::raw::RawTable<(rune_core::hash::Hash, rune::runtime::const_value::ConstConstructImpl)>>::reserve_rehash::<(), core::convert::Infallible, rune_alloc::hashbrown::TupleFn<rune_alloc::hashbrown::map::make_hasher<rune_core::hash::Hash, rune::hash::HashBuildHasher>::{closure#0}, rune::runtime::const_value::ConstConstructImpl>>
cand	259	<rune::compile::context::Context>::insert_native_fn
cand	485	rune_alloc::btree::map::infallible_cmp::<rune_core::item::component::Component>
cand	272	<rune_alloc::hashbrown::raw::RawTable<(rune::module::module::Name, ())>>::reserve_rehash::<(), core::convert::Infallible, rune_alloc::hashbrown::TupleFn<rune_alloc::hashbrown::map::make_hasher<rune::module::module::Name, core::hash::BuildHasherDefault<ahash::fallback_hash::AHasher>>::{closure#0}, ()>>
cand	1	rune::modules::vec::clear
cand	2	_dl_relocate_object_no_relro
cand	29	<rune::compile::context::Context>::install::<rune::module::module::Module>
cand	2	<rune::runtime::FunctionHandler>::new::drop_impl::<<rune::compile::context::TraitContext>::function<rune::modules::iter::module::{closure#1}::{closure#18}, (rune::runtime::value::Value, usize), &str>::{closure#0}>
cand	1	<rune::runtime::range_to_inclusive::RangeToInclusive>::partial_cmp__meta
cand	3	__vfscanf_internal
cand	21068	TOTAL
