sample,module,stage,entries,ns,functions_added,metadata_added
0,::std::iter,identity,1,415,0,0
0,::std::iter,module,1,2701,0,3
0,::std::iter,types,12,19579,0,12
0,::std::iter,traits,3,26947,0,38
0,::std::iter,items,3,3020,3,3
0,::std::iter,associated,43,12433,44,43
0,::std::iter,trait_impls,31,466472,891,464
0,::std::iter,reexports,0,37,0,0
0,::std::iter,construct,0,40,0,0
0,::std::ops,identity,1,98,0,0
0,::std::ops,module,1,667,0,1
0,::std::ops,types,17,18758,7,19
0,::std::ops,traits,0,52,0,0
0,::std::ops,items,5,3408,5,5
0,::std::ops,associated,86,19693,95,86
0,::std::ops,trait_impls,47,498189,808,434
0,::std::ops,reexports,2,874,0,2
0,::std::ops,construct,0,39,0,0
3,::std::iter,identity,1,434,0,0
3,::std::iter,module,1,2623,0,3
3,::std::iter,types,12,22242,0,12
3,::std::iter,traits,3,27094,0,38
3,::std::iter,items,3,3090,3,3
3,::std::iter,associated,43,11083,44,43
3,::std::iter,trait_impls,31,466654,891,464
3,::std::iter,reexports,0,37,0,0
3,::std::iter,construct,0,36,0,0
3,::std::ops,identity,1,107,0,0
3,::std::ops,module,1,677,0,1
3,::std::ops,types,17,18820,7,19
3,::std::ops,traits,0,21,0,0
3,::std::ops,items,5,3427,5,5
3,::std::ops,associated,86,19964,95,86
3,::std::ops,trait_impls,47,500732,808,434
3,::std::ops,reexports,2,827,0,2
3,::std::ops,construct,0,37,0,0
6,::std::iter,identity,1,419,0,0
6,::std::iter,module,1,2687,0,3
6,::std::iter,types,12,20639,0,12
6,::std::iter,traits,3,27483,0,38
6,::std::iter,items,3,3034,3,3
6,::std::iter,associated,43,10877,44,43
6,::std::iter,trait_impls,31,467474,891,464
6,::std::iter,reexports,0,37,0,0
6,::std::iter,construct,0,42,0,0
6,::std::ops,identity,1,96,0,0
6,::std::ops,module,1,628,0,1
6,::std::ops,types,17,20533,7,19
6,::std::ops,traits,0,48,0,0
6,::std::ops,items,5,3465,5,5
6,::std::ops,associated,86,20045,95,86
6,::std::ops,trait_impls,47,497780,808,434
6,::std::ops,reexports,2,919,0,2
6,::std::ops,construct,0,28,0,0
7,::std::iter,identity,1,428,0,0
7,::std::iter,module,1,2615,0,3
7,::std::iter,types,12,20702,0,12
7,::std::iter,traits,3,27152,0,38
7,::std::iter,items,3,2949,3,3
7,::std::iter,associated,43,11094,44,43
7,::std::iter,trait_impls,31,465411,891,464
7,::std::iter,reexports,0,38,0,0
7,::std::iter,construct,0,36,0,0
7,::std::ops,identity,1,145,0,0
7,::std::ops,module,1,576,0,1
7,::std::ops,types,17,22615,7,19
7,::std::ops,traits,0,35,0,0
7,::std::ops,items,5,3464,5,5
7,::std::ops,associated,86,20047,95,86
7,::std::ops,trait_impls,47,497015,808,434
7,::std::ops,reexports,2,915,0,2
7,::std::ops,construct,0,30,0,0
9,::std::iter,identity,1,1463,0,0
9,::std::iter,module,1,2671,0,3
9,::std::iter,types,12,18533,0,12
9,::std::iter,traits,3,27358,0,38
9,::std::iter,items,3,3057,3,3
9,::std::iter,associated,43,12533,44,43
9,::std::iter,trait_impls,31,468885,891,464
9,::std::iter,reexports,0,39,0,0
9,::std::iter,construct,0,37,0,0
9,::std::ops,identity,1,92,0,0
9,::std::ops,module,1,679,0,1
9,::std::ops,types,17,18773,7,19
9,::std::ops,traits,0,56,0,0
9,::std::ops,items,5,3458,5,5
9,::std::ops,associated,86,19633,95,86
9,::std::ops,trait_impls,47,497886,808,434
9,::std::ops,reexports,2,860,0,2
9,::std::ops,construct,0,36,0,0
10,::std::iter,identity,1,412,0,0
10,::std::iter,module,1,2526,0,3
10,::std::iter,types,12,20335,0,12
10,::std::iter,traits,3,27473,0,38
10,::std::iter,items,3,3180,3,3
10,::std::iter,associated,43,10981,44,43
10,::std::iter,trait_impls,31,469932,891,464
10,::std::iter,reexports,0,36,0,0
10,::std::iter,construct,0,40,0,0
10,::std::ops,identity,1,99,0,0
10,::std::ops,module,1,651,0,1
10,::std::ops,types,17,20313,7,19
10,::std::ops,traits,0,57,0,0
10,::std::ops,items,5,3427,5,5
10,::std::ops,associated,86,20318,95,86
10,::std::ops,trait_impls,47,498726,808,434
10,::std::ops,reexports,2,945,0,2
10,::std::ops,construct,0,31,0,0
13,::std::iter,identity,1,1511,0,0
13,::std::iter,module,1,2614,0,3
13,::std::iter,types,12,19512,0,12
13,::std::iter,traits,3,27478,0,38
13,::std::iter,items,3,3076,3,3
13,::std::iter,associated,43,12782,44,43
13,::std::iter,trait_impls,31,469291,891,464
13,::std::iter,reexports,0,39,0,0
13,::std::iter,construct,0,35,0,0
13,::std::ops,identity,1,105,0,0
13,::std::ops,module,1,657,0,1
13,::std::ops,types,17,19352,7,19
13,::std::ops,traits,0,56,0,0
13,::std::ops,items,5,3392,5,5
13,::std::ops,associated,86,20167,95,86
13,::std::ops,trait_impls,47,503689,808,434
13,::std::ops,reexports,2,930,0,2
13,::std::ops,construct,0,35,0,0
18,::std::iter,identity,1,453,0,0
18,::std::iter,module,1,3458,0,3
18,::std::iter,types,12,18621,0,12
18,::std::iter,traits,3,27311,0,38
18,::std::iter,items,3,3074,3,3
18,::std::iter,associated,43,10911,44,43
18,::std::iter,trait_impls,31,467991,891,464
18,::std::iter,reexports,0,37,0,0
18,::std::iter,construct,0,38,0,0
18,::std::ops,identity,1,103,0,0
18,::std::ops,module,1,656,0,1
18,::std::ops,types,17,20198,7,19
18,::std::ops,traits,0,20,0,0
18,::std::ops,items,5,3405,5,5
18,::std::ops,associated,86,20101,95,86
18,::std::ops,trait_impls,47,498644,808,434
18,::std::ops,reexports,2,880,0,2
18,::std::ops,construct,0,34,0,0
19,::std::iter,identity,1,434,0,0
19,::std::iter,module,1,2730,0,3
19,::std::iter,types,12,20092,0,12
19,::std::iter,traits,3,27746,0,38
19,::std::iter,items,3,3021,3,3
19,::std::iter,associated,43,10850,44,43
19,::std::iter,trait_impls,31,468169,891,464
19,::std::iter,reexports,0,37,0,0
19,::std::iter,construct,0,37,0,0
19,::std::ops,identity,1,81,0,0
19,::std::ops,module,1,608,0,1
19,::std::ops,types,17,18681,7,19
19,::std::ops,traits,0,34,0,0
19,::std::ops,items,5,3452,5,5
19,::std::ops,associated,86,20183,95,86
19,::std::ops,trait_impls,47,498474,808,434
19,::std::ops,reexports,2,894,0,2
19,::std::ops,construct,0,33,0,0
20,::std::iter,identity,1,425,0,0
20,::std::iter,module,1,3746,0,3
20,::std::iter,types,12,19742,0,12
20,::std::iter,traits,3,29087,0,38
20,::std::iter,items,3,3045,3,3
20,::std::iter,associated,43,10967,44,43
20,::std::iter,trait_impls,31,468765,891,464
20,::std::iter,reexports,0,37,0,0
20,::std::iter,construct,0,38,0,0
20,::std::ops,identity,1,84,0,0
20,::std::ops,module,1,681,0,1
20,::std::ops,types,17,18733,7,19
20,::std::ops,traits,0,51,0,0
20,::std::ops,items,5,3447,5,5
20,::std::ops,associated,86,20281,95,86
20,::std::ops,trait_impls,47,500800,808,434
20,::std::ops,reexports,2,883,0,2
20,::std::ops,construct,0,37,0,0
22,::std::iter,identity,1,439,0,0
22,::std::iter,module,1,2734,0,3
22,::std::iter,types,12,20222,0,12
22,::std::iter,traits,3,27528,0,38
22,::std::iter,items,3,3180,3,3
22,::std::iter,associated,43,11031,44,43
22,::std::iter,trait_impls,31,470956,891,464
22,::std::iter,reexports,0,37,0,0
22,::std::iter,construct,0,37,0,0
22,::std::ops,identity,1,92,0,0
22,::std::ops,module,1,669,0,1
22,::std::ops,types,17,18991,7,19
22,::std::ops,traits,0,36,0,0
22,::std::ops,items,5,3386,5,5
22,::std::ops,associated,86,19936,95,86
22,::std::ops,trait_impls,47,502842,808,434
22,::std::ops,reexports,2,924,0,2
22,::std::ops,construct,0,32,0,0
25,::std::iter,identity,1,433,0,0
25,::std::iter,module,1,3678,0,3
25,::std::iter,types,12,20615,0,12
25,::std::iter,traits,3,29258,0,38
25,::std::iter,items,3,3041,3,3
25,::std::iter,associated,43,11111,44,43
25,::std::iter,trait_impls,31,469825,891,464
25,::std::iter,reexports,0,38,0,0
25,::std::iter,construct,0,39,0,0
25,::std::ops,identity,1,76,0,0
25,::std::ops,module,1,664,0,1
25,::std::ops,types,17,18729,7,19
25,::std::ops,traits,0,36,0,0
25,::std::ops,items,5,3441,5,5
25,::std::ops,associated,86,20455,95,86
25,::std::ops,trait_impls,47,504518,808,434
25,::std::ops,reexports,2,890,0,2
25,::std::ops,construct,0,38,0,0
27,::std::iter,identity,1,423,0,0
27,::std::iter,module,1,2574,0,3
27,::std::iter,types,12,18902,0,12
27,::std::iter,traits,3,27355,0,38
27,::std::iter,items,3,3107,3,3
27,::std::iter,associated,43,10908,44,43
27,::std::iter,trait_impls,31,469265,891,464
27,::std::iter,reexports,0,39,0,0
27,::std::iter,construct,0,32,0,0
27,::std::ops,identity,1,94,0,0
27,::std::ops,module,1,652,0,1
27,::std::ops,types,17,18900,7,19
27,::std::ops,traits,0,44,0,0
27,::std::ops,items,5,3528,5,5
27,::std::ops,associated,86,21554,95,86
27,::std::ops,trait_impls,47,530121,808,434
27,::std::ops,reexports,2,898,0,2
27,::std::ops,construct,0,34,0,0
28,::std::iter,identity,1,1454,0,0
28,::std::iter,module,1,2507,0,3
28,::std::iter,types,12,20434,0,12
28,::std::iter,traits,3,27566,0,38
28,::std::iter,items,3,3007,3,3
28,::std::iter,associated,43,10981,44,43
28,::std::iter,trait_impls,31,467876,891,464
28,::std::iter,reexports,0,37,0,0
28,::std::iter,construct,0,42,0,0
28,::std::ops,identity,1,80,0,0
28,::std::ops,module,1,641,0,1
28,::std::ops,types,17,18716,7,19
28,::std::ops,traits,0,38,0,0
28,::std::ops,items,5,3478,5,5
28,::std::ops,associated,86,20499,95,86
28,::std::ops,trait_impls,47,519788,808,434
28,::std::ops,reexports,2,927,0,2
28,::std::ops,construct,0,36,0,0
31,::std::iter,identity,1,436,0,0
31,::std::iter,module,1,2605,0,3
31,::std::iter,types,12,19457,0,12
31,::std::iter,traits,3,28200,0,38
31,::std::iter,items,3,3089,3,3
31,::std::iter,associated,43,10992,44,43
31,::std::iter,trait_impls,31,467565,891,464
31,::std::iter,reexports,0,36,0,0
31,::std::iter,construct,0,38,0,0
31,::std::ops,identity,1,107,0,0
31,::std::ops,module,1,628,0,1
31,::std::ops,types,17,18963,7,19
31,::std::ops,traits,0,57,0,0
31,::std::ops,items,5,3525,5,5
31,::std::ops,associated,86,21782,95,86
31,::std::ops,trait_impls,47,504031,808,434
31,::std::ops,reexports,2,938,0,2
31,::std::ops,construct,0,29,0,0
33,::std::iter,identity,1,418,0,0
33,::std::iter,module,1,2533,0,3
33,::std::iter,types,12,24401,0,12
33,::std::iter,traits,3,28855,0,38
33,::std::iter,items,3,3142,3,3
33,::std::iter,associated,43,10802,44,43
33,::std::iter,trait_impls,31,464292,891,464
33,::std::iter,reexports,0,37,0,0
33,::std::iter,construct,0,36,0,0
33,::std::ops,identity,1,95,0,0
33,::std::ops,module,1,628,0,1
33,::std::ops,types,17,18766,7,19
33,::std::ops,traits,0,60,0,0
33,::std::ops,items,5,3551,5,5
33,::std::ops,associated,86,19718,95,86
33,::std::ops,trait_impls,47,499426,808,434
33,::std::ops,reexports,2,881,0,2
33,::std::ops,construct,0,32,0,0
35,::std::iter,identity,1,433,0,0
35,::std::iter,module,1,2617,0,3
35,::std::iter,types,12,19962,0,12
35,::std::iter,traits,3,27269,0,38
35,::std::iter,items,3,3103,3,3
35,::std::iter,associated,43,11034,44,43
35,::std::iter,trait_impls,31,473164,891,464
35,::std::iter,reexports,0,35,0,0
35,::std::iter,construct,0,38,0,0
35,::std::ops,identity,1,90,0,0
35,::std::ops,module,1,657,0,1
35,::std::ops,types,17,18564,7,19
35,::std::ops,traits,0,44,0,0
35,::std::ops,items,5,3481,5,5
35,::std::ops,associated,86,21835,95,86
35,::std::ops,trait_impls,47,503064,808,434
35,::std::ops,reexports,2,833,0,2
35,::std::ops,construct,0,34,0,0
39,::std::iter,identity,1,398,0,0
39,::std::iter,module,1,2588,0,3
39,::std::iter,types,12,18376,0,12
39,::std::iter,traits,3,27857,0,38
39,::std::iter,items,3,3010,3,3
39,::std::iter,associated,43,10711,44,43
39,::std::iter,trait_impls,31,468303,891,464
39,::std::iter,reexports,0,37,0,0
39,::std::iter,construct,0,36,0,0
39,::std::ops,identity,1,152,0,0
39,::std::ops,module,1,728,0,1
39,::std::ops,types,17,20278,7,19
39,::std::ops,traits,0,34,0,0
39,::std::ops,items,5,3451,5,5
39,::std::ops,associated,86,20264,95,86
39,::std::ops,trait_impls,47,499260,808,434
39,::std::ops,reexports,2,913,0,2
39,::std::ops,construct,0,34,0,0
40,::std::iter,identity,1,413,0,0
40,::std::iter,module,1,2721,0,3
40,::std::iter,types,12,20929,0,12
40,::std::iter,traits,3,27668,0,38
40,::std::iter,items,3,3050,3,3
40,::std::iter,associated,43,11748,44,43
40,::std::iter,trait_impls,31,474771,891,464
40,::std::iter,reexports,0,36,0,0
40,::std::iter,construct,0,36,0,0
40,::std::ops,identity,1,93,0,0
40,::std::ops,module,1,621,0,1
40,::std::ops,types,17,18605,7,19
40,::std::ops,traits,0,54,0,0
40,::std::ops,items,5,3483,5,5
40,::std::ops,associated,86,19766,95,86
40,::std::ops,trait_impls,47,501570,808,434
40,::std::ops,reexports,2,912,0,2
40,::std::ops,construct,0,33,0,0
41,::std::iter,identity,1,420,0,0
41,::std::iter,module,1,2608,0,3
41,::std::iter,types,12,20554,0,12
41,::std::iter,traits,3,29063,0,38
41,::std::iter,items,3,3069,3,3
41,::std::iter,associated,43,10856,44,43
41,::std::iter,trait_impls,31,468784,891,464
41,::std::iter,reexports,0,36,0,0
41,::std::iter,construct,0,39,0,0
41,::std::ops,identity,1,78,0,0
41,::std::ops,module,1,630,0,1
41,::std::ops,types,17,18485,7,19
41,::std::ops,traits,0,36,0,0
41,::std::ops,items,5,3331,5,5
41,::std::ops,associated,86,19943,95,86
41,::std::ops,trait_impls,47,498483,808,434
41,::std::ops,reexports,2,906,0,2
41,::std::ops,construct,0,38,0,0
42,::std::iter,identity,1,443,0,0
42,::std::iter,module,1,2585,0,3
42,::std::iter,types,12,19975,0,12
42,::std::iter,traits,3,27220,0,38
42,::std::iter,items,3,3071,3,3
42,::std::iter,associated,43,12627,44,43
42,::std::iter,trait_impls,31,467910,891,464
42,::std::iter,reexports,0,37,0,0
42,::std::iter,construct,0,38,0,0
42,::std::ops,identity,1,81,0,0
42,::std::ops,module,1,631,0,1
42,::std::ops,types,17,18562,7,19
42,::std::ops,traits,0,36,0,0
42,::std::ops,items,5,3349,5,5
42,::std::ops,associated,86,19900,95,86
42,::std::ops,trait_impls,47,503852,808,434
42,::std::ops,reexports,2,901,0,2
42,::std::ops,construct,0,34,0,0
48,::std::iter,identity,1,384,0,0
48,::std::iter,module,1,2626,0,3
48,::std::iter,types,12,20167,0,12
48,::std::iter,traits,3,27327,0,38
48,::std::iter,items,3,3094,3,3
48,::std::iter,associated,43,10762,44,43
48,::std::iter,trait_impls,31,465628,891,464
48,::std::iter,reexports,0,36,0,0
48,::std::iter,construct,0,42,0,0
48,::std::ops,identity,1,105,0,0
48,::std::ops,module,1,638,0,1
48,::std::ops,types,17,18821,7,19
48,::std::ops,traits,0,42,0,0
48,::std::ops,items,5,3385,5,5
48,::std::ops,associated,86,20021,95,86
48,::std::ops,trait_impls,47,505264,808,434
48,::std::ops,reexports,2,891,0,2
48,::std::ops,construct,0,35,0,0
49,::std::iter,identity,1,405,0,0
49,::std::iter,module,1,2643,0,3
49,::std::iter,types,12,19894,0,12
49,::std::iter,traits,3,29151,0,38
49,::std::iter,items,3,3025,3,3
49,::std::iter,associated,43,11160,44,43
49,::std::iter,trait_impls,31,469514,891,464
49,::std::iter,reexports,0,37,0,0
49,::std::iter,construct,0,36,0,0
49,::std::ops,identity,1,107,0,0
49,::std::ops,module,1,665,0,1
49,::std::ops,types,17,18709,7,19
49,::std::ops,traits,0,36,0,0
49,::std::ops,items,5,3341,5,5
49,::std::ops,associated,86,19847,95,86
49,::std::ops,trait_impls,47,502516,808,434
49,::std::ops,reexports,2,901,0,2
49,::std::ops,construct,0,34,0,0
50,::std::iter,identity,1,1500,0,0
50,::std::iter,module,1,7166,0,3
50,::std::iter,types,12,24721,0,12
50,::std::iter,traits,3,27542,0,38
50,::std::iter,items,3,3048,3,3
50,::std::iter,associated,43,12597,44,43
50,::std::iter,trait_impls,31,469269,891,464
50,::std::iter,reexports,0,37,0,0
50,::std::iter,construct,0,39,0,0
50,::std::ops,identity,1,91,0,0
50,::std::ops,module,1,664,0,1
50,::std::ops,types,17,18836,7,19
50,::std::ops,traits,0,34,0,0
50,::std::ops,items,5,3261,5,5
50,::std::ops,associated,86,19681,95,86
50,::std::ops,trait_impls,47,498328,808,434
50,::std::ops,reexports,2,960,0,2
50,::std::ops,construct,0,35,0,0
51,::std::iter,identity,1,422,0,0
51,::std::iter,module,1,3721,0,3
51,::std::iter,types,12,25468,0,12
51,::std::iter,traits,3,27595,0,38
51,::std::iter,items,3,3185,3,3
51,::std::iter,associated,43,11321,44,43
51,::std::iter,trait_impls,31,467976,891,464
51,::std::iter,reexports,0,36,0,0
51,::std::iter,construct,0,35,0,0
51,::std::ops,identity,1,91,0,0
51,::std::ops,module,1,646,0,1
51,::std::ops,types,17,20463,7,19
51,::std::ops,traits,0,43,0,0
51,::std::ops,items,5,3425,5,5
51,::std::ops,associated,86,19740,95,86
51,::std::ops,trait_impls,47,501487,808,434
51,::std::ops,reexports,2,907,0,2
51,::std::ops,construct,0,35,0,0
55,::std::iter,identity,1,456,0,0
55,::std::iter,module,1,2799,0,3
55,::std::iter,types,12,22286,0,12
55,::std::iter,traits,3,27957,0,38
55,::std::iter,items,3,3213,3,3
55,::std::iter,associated,43,11116,44,43
55,::std::iter,trait_impls,31,482173,891,464
55,::std::iter,reexports,0,35,0,0
55,::std::iter,construct,0,34,0,0
55,::std::ops,identity,1,98,0,0
55,::std::ops,module,1,645,0,1
55,::std::ops,types,17,20631,7,19
55,::std::ops,traits,0,37,0,0
55,::std::ops,items,5,3528,5,5
55,::std::ops,associated,86,20164,95,86
55,::std::ops,trait_impls,47,509535,808,434
55,::std::ops,reexports,2,914,0,2
55,::std::ops,construct,0,31,0,0
56,::std::iter,identity,1,418,0,0
56,::std::iter,module,1,2614,0,3
56,::std::iter,types,12,19931,0,12
56,::std::iter,traits,3,27342,0,38
56,::std::iter,items,3,3114,3,3
56,::std::iter,associated,43,10908,44,43
56,::std::iter,trait_impls,31,466263,891,464
56,::std::iter,reexports,0,37,0,0
56,::std::iter,construct,0,37,0,0
56,::std::ops,identity,1,85,0,0
56,::std::ops,module,1,637,0,1
56,::std::ops,types,17,18633,7,19
56,::std::ops,traits,0,39,0,0
56,::std::ops,items,5,3340,5,5
56,::std::ops,associated,86,20038,95,86
56,::std::ops,trait_impls,47,503753,808,434
56,::std::ops,reexports,2,899,0,2
56,::std::ops,construct,0,32,0,0
59,::std::iter,identity,1,428,0,0
59,::std::iter,module,1,2656,0,3
59,::std::iter,types,12,20599,0,12
59,::std::iter,traits,3,27389,0,38
59,::std::iter,items,3,3102,3,3
59,::std::iter,associated,43,14276,44,43
59,::std::iter,trait_impls,31,466512,891,464
59,::std::iter,reexports,0,39,0,0
59,::std::iter,construct,0,36,0,0
59,::std::ops,identity,1,165,0,0
59,::std::ops,module,1,680,0,1
59,::std::ops,types,17,18719,7,19
59,::std::ops,traits,0,56,0,0
59,::std::ops,items,5,3426,5,5
59,::std::ops,associated,86,19698,95,86
59,::std::ops,trait_impls,47,498757,808,434
59,::std::ops,reexports,2,921,0,2
59,::std::ops,construct,0,34,0,0
60,::std::iter,identity,1,419,0,0
60,::std::iter,module,1,2623,0,3
60,::std::iter,types,12,18768,0,12
60,::std::iter,traits,3,27165,0,38
60,::std::iter,items,3,3172,3,3
60,::std::iter,associated,43,15810,44,43
60,::std::iter,trait_impls,31,466608,891,464
60,::std::iter,reexports,0,35,0,0
60,::std::iter,construct,0,39,0,0
60,::std::ops,identity,1,110,0,0
60,::std::ops,module,1,625,0,1
60,::std::ops,types,17,18701,7,19
60,::std::ops,traits,0,53,0,0
60,::std::ops,items,5,3371,5,5
60,::std::ops,associated,86,21776,95,86
60,::std::ops,trait_impls,47,497400,808,434
60,::std::ops,reexports,2,889,0,2
60,::std::ops,construct,0,33,0,0
62,::std::iter,identity,1,404,0,0
62,::std::iter,module,1,2681,0,3
62,::std::iter,types,12,19594,0,12
62,::std::iter,traits,3,28906,0,38
62,::std::iter,items,3,3069,3,3
62,::std::iter,associated,43,10991,44,43
62,::std::iter,trait_impls,31,466174,891,464
62,::std::iter,reexports,0,38,0,0
62,::std::iter,construct,0,34,0,0
62,::std::ops,identity,1,90,0,0
62,::std::ops,module,1,709,0,1
62,::std::ops,types,17,18982,7,19
62,::std::ops,traits,0,36,0,0
62,::std::ops,items,5,3455,5,5
62,::std::ops,associated,86,19768,95,86
62,::std::ops,trait_impls,47,497095,808,434
62,::std::ops,reexports,2,889,0,2
62,::std::ops,construct,0,33,0,0
63,::std::iter,identity,1,425,0,0
63,::std::iter,module,1,2622,0,3
63,::std::iter,types,12,18883,0,12
63,::std::iter,traits,3,27304,0,38
63,::std::iter,items,3,3079,3,3
63,::std::iter,associated,43,11116,44,43
63,::std::iter,trait_impls,31,479851,891,464
63,::std::iter,reexports,0,37,0,0
63,::std::iter,construct,0,37,0,0
63,::std::ops,identity,1,107,0,0
63,::std::ops,module,1,660,0,1
63,::std::ops,types,17,18829,7,19
63,::std::ops,traits,0,48,0,0
63,::std::ops,items,5,3437,5,5
63,::std::ops,associated,86,19931,95,86
63,::std::ops,trait_impls,47,501844,808,434
63,::std::ops,reexports,2,975,0,2
63,::std::ops,construct,0,32,0,0
64,::std::iter,identity,1,404,0,0
64,::std::iter,module,1,2592,0,3
64,::std::iter,types,12,18744,0,12
64,::std::iter,traits,3,27157,0,38
64,::std::iter,items,3,3035,3,3
64,::std::iter,associated,43,11109,44,43
64,::std::iter,trait_impls,31,467516,891,464
64,::std::iter,reexports,0,38,0,0
64,::std::iter,construct,0,33,0,0
64,::std::ops,identity,1,122,0,0
64,::std::ops,module,1,729,0,1
64,::std::ops,types,17,18756,7,19
64,::std::ops,traits,0,56,0,0
64,::std::ops,items,5,3422,5,5
64,::std::ops,associated,86,21696,95,86
64,::std::ops,trait_impls,47,501425,808,434
64,::std::ops,reexports,2,854,0,2
64,::std::ops,construct,0,31,0,0
66,::std::iter,identity,1,396,0,0
66,::std::iter,module,1,2549,0,3
66,::std::iter,types,12,20834,0,12
66,::std::iter,traits,3,29062,0,38
66,::std::iter,items,3,3077,3,3
66,::std::iter,associated,43,10920,44,43
66,::std::iter,trait_impls,31,467728,891,464
66,::std::iter,reexports,0,37,0,0
66,::std::iter,construct,0,42,0,0
66,::std::ops,identity,1,160,0,0
66,::std::ops,module,1,621,0,1
66,::std::ops,types,17,18868,7,19
66,::std::ops,traits,0,57,0,0
66,::std::ops,items,5,3517,5,5
66,::std::ops,associated,86,20277,95,86
66,::std::ops,trait_impls,47,500375,808,434
66,::std::ops,reexports,2,954,0,2
66,::std::ops,construct,0,36,0,0
67,::std::iter,identity,1,415,0,0
67,::std::iter,module,1,2627,0,3
67,::std::iter,types,12,20042,0,12
67,::std::iter,traits,3,27909,0,38
67,::std::iter,items,3,3083,3,3
67,::std::iter,associated,43,12656,44,43
67,::std::iter,trait_impls,31,468676,891,464
67,::std::iter,reexports,0,39,0,0
67,::std::iter,construct,0,34,0,0
67,::std::ops,identity,1,82,0,0
67,::std::ops,module,1,687,0,1
67,::std::ops,types,17,18783,7,19
67,::std::ops,traits,0,37,0,0
67,::std::ops,items,5,3473,5,5
67,::std::ops,associated,86,20464,95,86
67,::std::ops,trait_impls,47,501343,808,434
67,::std::ops,reexports,2,952,0,2
67,::std::ops,construct,0,32,0,0
68,::std::iter,identity,1,1489,0,0
68,::std::iter,module,1,2623,0,3
68,::std::iter,types,12,18649,0,12
68,::std::iter,traits,3,27243,0,38
68,::std::iter,items,3,3123,3,3
68,::std::iter,associated,43,10883,44,43
68,::std::iter,trait_impls,31,471172,891,464
68,::std::iter,reexports,0,37,0,0
68,::std::iter,construct,0,40,0,0
68,::std::ops,identity,1,84,0,0
68,::std::ops,module,1,642,0,1
68,::std::ops,types,17,20515,7,19
68,::std::ops,traits,0,58,0,0
68,::std::ops,items,5,3419,5,5
68,::std::ops,associated,86,20062,95,86
68,::std::ops,trait_impls,47,497343,808,434
68,::std::ops,reexports,2,863,0,2
68,::std::ops,construct,0,31,0,0
69,::std::iter,identity,1,421,0,0
69,::std::iter,module,1,2576,0,3
69,::std::iter,types,12,19536,0,12
69,::std::iter,traits,3,27925,0,38
69,::std::iter,items,3,3043,3,3
69,::std::iter,associated,43,10755,44,43
69,::std::iter,trait_impls,31,468417,891,464
69,::std::iter,reexports,0,36,0,0
69,::std::iter,construct,0,37,0,0
69,::std::ops,identity,1,114,0,0
69,::std::ops,module,1,575,0,1
69,::std::ops,types,17,18640,7,19
69,::std::ops,traits,0,36,0,0
69,::std::ops,items,5,3424,5,5
69,::std::ops,associated,86,20112,95,86
69,::std::ops,trait_impls,47,499134,808,434
69,::std::ops,reexports,2,948,0,2
69,::std::ops,construct,0,34,0,0
70,::std::iter,identity,1,1458,0,0
70,::std::iter,module,1,2664,0,3
70,::std::iter,types,12,18728,0,12
70,::std::iter,traits,3,34772,0,38
70,::std::iter,items,3,3004,3,3
70,::std::iter,associated,43,10949,44,43
70,::std::iter,trait_impls,31,468577,891,464
70,::std::iter,reexports,0,37,0,0
70,::std::iter,construct,0,38,0,0
70,::std::ops,identity,1,104,0,0
70,::std::ops,module,1,620,0,1
70,::std::ops,types,17,18726,7,19
70,::std::ops,traits,0,41,0,0
70,::std::ops,items,5,3462,5,5
70,::std::ops,associated,86,20188,95,86
70,::std::ops,trait_impls,47,498137,808,434
70,::std::ops,reexports,2,916,0,2
70,::std::ops,construct,0,34,0,0
72,::std::iter,identity,1,1468,0,0
72,::std::iter,module,1,2621,0,3
72,::std::iter,types,12,23491,0,12
72,::std::iter,traits,3,27438,0,38
72,::std::iter,items,3,3044,3,3
72,::std::iter,associated,43,10896,44,43
72,::std::iter,trait_impls,31,468619,891,464
72,::std::iter,reexports,0,38,0,0
72,::std::iter,construct,0,37,0,0
72,::std::ops,identity,1,155,0,0
72,::std::ops,module,1,676,0,1
72,::std::ops,types,17,20184,7,19
72,::std::ops,traits,0,41,0,0
72,::std::ops,items,5,3393,5,5
72,::std::ops,associated,86,20303,95,86
72,::std::ops,trait_impls,47,503829,808,434
72,::std::ops,reexports,2,894,0,2
72,::std::ops,construct,0,32,0,0
73,::std::iter,identity,1,415,0,0
73,::std::iter,module,1,2589,0,3
73,::std::iter,types,12,18373,0,12
73,::std::iter,traits,3,31992,0,38
73,::std::iter,items,3,2984,3,3
73,::std::iter,associated,43,10920,44,43
73,::std::iter,trait_impls,31,465004,891,464
73,::std::iter,reexports,0,36,0,0
73,::std::iter,construct,0,39,0,0
73,::std::ops,identity,1,83,0,0
73,::std::ops,module,1,630,0,1
73,::std::ops,types,17,18556,7,19
73,::std::ops,traits,0,42,0,0
73,::std::ops,items,5,3466,5,5
73,::std::ops,associated,86,20168,95,86
73,::std::ops,trait_impls,47,503258,808,434
73,::std::ops,reexports,2,925,0,2
73,::std::ops,construct,0,32,0,0
77,::std::iter,identity,1,392,0,0
77,::std::iter,module,1,2585,0,3
77,::std::iter,types,12,20056,0,12
77,::std::iter,traits,3,27687,0,38
77,::std::iter,items,3,3034,3,3
77,::std::iter,associated,43,10772,44,43
77,::std::iter,trait_impls,31,466706,891,464
77,::std::iter,reexports,0,38,0,0
77,::std::iter,construct,0,37,0,0
77,::std::ops,identity,1,103,0,0
77,::std::ops,module,1,656,0,1
77,::std::ops,types,17,18593,7,19
77,::std::ops,traits,0,43,0,0
77,::std::ops,items,5,3560,5,5
77,::std::ops,associated,86,20127,95,86
77,::std::ops,trait_impls,47,502819,808,434
77,::std::ops,reexports,2,958,0,2
77,::std::ops,construct,0,33,0,0
79,::std::iter,identity,1,427,0,0
79,::std::iter,module,1,2589,0,3
79,::std::iter,types,12,19648,0,12
79,::std::iter,traits,3,27368,0,38
79,::std::iter,items,3,3022,3,3
79,::std::iter,associated,43,12682,44,43
79,::std::iter,trait_impls,31,469109,891,464
79,::std::iter,reexports,0,37,0,0
79,::std::iter,construct,0,36,0,0
79,::std::ops,identity,1,80,0,0
79,::std::ops,module,1,619,0,1
79,::std::ops,types,17,18907,7,19
79,::std::ops,traits,0,43,0,0
79,::std::ops,items,5,3352,5,5
79,::std::ops,associated,86,19985,95,86
79,::std::ops,trait_impls,47,501692,808,434
79,::std::ops,reexports,2,919,0,2
79,::std::ops,construct,0,34,0,0
80,::std::iter,identity,1,409,0,0
80,::std::iter,module,1,2584,0,3
80,::std::iter,types,12,19938,0,12
80,::std::iter,traits,3,27470,0,38
80,::std::iter,items,3,3021,3,3
80,::std::iter,associated,43,11200,44,43
80,::std::iter,trait_impls,31,470597,891,464
80,::std::iter,reexports,0,39,0,0
80,::std::iter,construct,0,38,0,0
80,::std::ops,identity,1,84,0,0
80,::std::ops,module,1,605,0,1
80,::std::ops,types,17,20247,7,19
80,::std::ops,traits,0,25,0,0
80,::std::ops,items,5,3536,5,5
80,::std::ops,associated,86,20288,95,86
80,::std::ops,trait_impls,47,501465,808,434
80,::std::ops,reexports,2,964,0,2
80,::std::ops,construct,0,33,0,0
81,::std::iter,identity,1,400,0,0
81,::std::iter,module,1,2578,0,3
81,::std::iter,types,12,20522,0,12
81,::std::iter,traits,3,27641,0,38
81,::std::iter,items,3,3105,3,3
81,::std::iter,associated,43,11196,44,43
81,::std::iter,trait_impls,31,467305,891,464
81,::std::iter,reexports,0,37,0,0
81,::std::iter,construct,0,40,0,0
81,::std::ops,identity,1,84,0,0
81,::std::ops,module,1,653,0,1
81,::std::ops,types,17,18751,7,19
81,::std::ops,traits,0,48,0,0
81,::std::ops,items,5,3572,5,5
81,::std::ops,associated,86,19836,95,86
81,::std::ops,trait_impls,47,506488,808,434
81,::std::ops,reexports,2,1017,0,2
81,::std::ops,construct,0,33,0,0
82,::std::iter,identity,1,1467,0,0
82,::std::iter,module,1,2611,0,3
82,::std::iter,types,12,24293,0,12
82,::std::iter,traits,3,28876,0,38
82,::std::iter,items,3,3070,3,3
82,::std::iter,associated,43,10941,44,43
82,::std::iter,trait_impls,31,467057,891,464
82,::std::iter,reexports,0,38,0,0
82,::std::iter,construct,0,37,0,0
82,::std::ops,identity,1,117,0,0
82,::std::ops,module,1,575,0,1
82,::std::ops,types,17,18694,7,19
82,::std::ops,traits,0,41,0,0
82,::std::ops,items,5,3440,5,5
82,::std::ops,associated,86,19633,95,86
82,::std::ops,trait_impls,47,500107,808,434
82,::std::ops,reexports,2,956,0,2
82,::std::ops,construct,0,34,0,0
86,::std::iter,identity,1,488,0,0
86,::std::iter,module,1,2701,0,3
86,::std::iter,types,12,19766,0,12
86,::std::iter,traits,3,29267,0,38
86,::std::iter,items,3,3107,3,3
86,::std::iter,associated,43,10845,44,43
86,::std::iter,trait_impls,31,469309,891,464
86,::std::iter,reexports,0,36,0,0
86,::std::iter,construct,0,38,0,0
86,::std::ops,identity,1,83,0,0
86,::std::ops,module,1,664,0,1
86,::std::ops,types,17,18747,7,19
86,::std::ops,traits,0,34,0,0
86,::std::ops,items,5,3357,5,5
86,::std::ops,associated,86,19883,95,86
86,::std::ops,trait_impls,47,499840,808,434
86,::std::ops,reexports,2,899,0,2
86,::std::ops,construct,0,34,0,0
87,::std::iter,identity,1,396,0,0
87,::std::iter,module,1,2698,0,3
87,::std::iter,types,12,20405,0,12
87,::std::iter,traits,3,28891,0,38
87,::std::iter,items,3,3262,3,3
87,::std::iter,associated,43,12793,44,43
87,::std::iter,trait_impls,31,485444,891,464
87,::std::iter,reexports,0,36,0,0
87,::std::iter,construct,0,33,0,0
87,::std::ops,identity,1,84,0,0
87,::std::ops,module,1,680,0,1
87,::std::ops,types,17,19185,7,19
87,::std::ops,traits,0,35,0,0
87,::std::ops,items,5,3803,5,5
87,::std::ops,associated,86,20726,95,86
87,::std::ops,trait_impls,47,518578,808,434
87,::std::ops,reexports,2,970,0,2
87,::std::ops,construct,0,33,0,0
88,::std::iter,identity,1,463,0,0
88,::std::iter,module,1,2929,0,3
88,::std::iter,types,12,21148,0,12
88,::std::iter,traits,3,27979,0,38
88,::std::iter,items,3,3039,3,3
88,::std::iter,associated,43,11011,44,43
88,::std::iter,trait_impls,31,468739,891,464
88,::std::iter,reexports,0,36,0,0
88,::std::iter,construct,0,37,0,0
88,::std::ops,identity,1,79,0,0
88,::std::ops,module,1,732,0,1
88,::std::ops,types,17,18746,7,19
88,::std::ops,traits,0,36,0,0
88,::std::ops,items,5,3428,5,5
88,::std::ops,associated,86,20046,95,86
88,::std::ops,trait_impls,47,499594,808,434
88,::std::ops,reexports,2,910,0,2
88,::std::ops,construct,0,33,0,0
90,::std::iter,identity,1,413,0,0
90,::std::iter,module,1,2660,0,3
90,::std::iter,types,12,22075,0,12
90,::std::iter,traits,3,27850,0,38
90,::std::iter,items,3,3039,3,3
90,::std::iter,associated,43,11146,44,43
90,::std::iter,trait_impls,31,469043,891,464
90,::std::iter,reexports,0,40,0,0
90,::std::iter,construct,0,39,0,0
90,::std::ops,identity,1,95,0,0
90,::std::ops,module,1,664,0,1
90,::std::ops,types,17,18806,7,19
90,::std::ops,traits,0,51,0,0
90,::std::ops,items,5,3437,5,5
90,::std::ops,associated,86,19924,95,86
90,::std::ops,trait_impls,47,502075,808,434
90,::std::ops,reexports,2,877,0,2
90,::std::ops,construct,0,33,0,0
92,::std::iter,identity,1,399,0,0
92,::std::iter,module,1,2627,0,3
92,::std::iter,types,12,19645,0,12
92,::std::iter,traits,3,27964,0,38
92,::std::iter,items,3,3028,3,3
92,::std::iter,associated,43,11207,44,43
92,::std::iter,trait_impls,31,469112,891,464
92,::std::iter,reexports,0,37,0,0
92,::std::iter,construct,0,36,0,0
92,::std::ops,identity,1,155,0,0
92,::std::ops,module,1,696,0,1
92,::std::ops,types,17,18848,7,19
92,::std::ops,traits,0,44,0,0
92,::std::ops,items,5,3570,5,5
92,::std::ops,associated,86,20110,95,86
92,::std::ops,trait_impls,47,501411,808,434
92,::std::ops,reexports,2,935,0,2
92,::std::ops,construct,0,34,0,0
96,::std::iter,identity,1,432,0,0
96,::std::iter,module,1,2615,0,3
96,::std::iter,types,12,27909,0,12
96,::std::iter,traits,3,27649,0,38
96,::std::iter,items,3,3114,3,3
96,::std::iter,associated,43,13177,44,43
96,::std::iter,trait_impls,31,477015,891,464
96,::std::iter,reexports,0,37,0,0
96,::std::iter,construct,0,40,0,0
96,::std::ops,identity,1,106,0,0
96,::std::ops,module,1,643,0,1
96,::std::ops,types,17,18771,7,19
96,::std::ops,traits,0,49,0,0
96,::std::ops,items,5,3503,5,5
96,::std::ops,associated,86,20253,95,86
96,::std::ops,trait_impls,47,504637,808,434
96,::std::ops,reexports,2,1003,0,2
96,::std::ops,construct,0,32,0,0
97,::std::iter,identity,1,426,0,0
97,::std::iter,module,1,2607,0,3
97,::std::iter,types,12,20580,0,12
97,::std::iter,traits,3,27484,0,38
97,::std::iter,items,3,3137,3,3
97,::std::iter,associated,43,11177,44,43
97,::std::iter,trait_impls,31,468938,891,464
97,::std::iter,reexports,0,36,0,0
97,::std::iter,construct,0,37,0,0
97,::std::ops,identity,1,75,0,0
97,::std::ops,module,1,643,0,1
97,::std::ops,types,17,20567,7,19
97,::std::ops,traits,0,47,0,0
97,::std::ops,items,5,3472,5,5
97,::std::ops,associated,86,20176,95,86
97,::std::ops,trait_impls,47,503570,808,434
97,::std::ops,reexports,2,932,0,2
97,::std::ops,construct,0,38,0,0
98,::std::iter,identity,1,410,0,0
98,::std::iter,module,1,2728,0,3
98,::std::iter,types,12,21613,0,12
98,::std::iter,traits,3,27946,0,38
98,::std::iter,items,3,2999,3,3
98,::std::iter,associated,43,11348,44,43
98,::std::iter,trait_impls,31,466370,891,464
98,::std::iter,reexports,0,42,0,0
98,::std::iter,construct,0,35,0,0
98,::std::ops,identity,1,99,0,0
98,::std::ops,module,1,681,0,1
98,::std::ops,types,17,18664,7,19
98,::std::ops,traits,0,49,0,0
98,::std::ops,items,5,3452,5,5
98,::std::ops,associated,86,19976,95,86
98,::std::ops,trait_impls,47,501425,808,434
98,::std::ops,reexports,2,924,0,2
98,::std::ops,construct,0,32,0,0
100,::std::iter,identity,1,1422,0,0
100,::std::iter,module,1,2751,0,3
100,::std::iter,types,12,18206,0,12
100,::std::iter,traits,3,28980,0,38
100,::std::iter,items,3,3099,3,3
100,::std::iter,associated,43,12759,44,43
100,::std::iter,trait_impls,31,469142,891,464
100,::std::iter,reexports,0,36,0,0
100,::std::iter,construct,0,41,0,0
100,::std::ops,identity,1,158,0,0
100,::std::ops,module,1,646,0,1
100,::std::ops,types,17,18646,7,19
100,::std::ops,traits,0,56,0,0
100,::std::ops,items,5,3455,5,5
100,::std::ops,associated,86,20015,95,86
100,::std::ops,trait_impls,47,502379,808,434
100,::std::ops,reexports,2,940,0,2
100,::std::ops,construct,0,35,0,0
102,::std::iter,identity,1,395,0,0
102,::std::iter,module,1,2645,0,3
102,::std::iter,types,12,20143,0,12
102,::std::iter,traits,3,27229,0,38
102,::std::iter,items,3,3079,3,3
102,::std::iter,associated,43,10975,44,43
102,::std::iter,trait_impls,31,466940,891,464
102,::std::iter,reexports,0,36,0,0
102,::std::iter,construct,0,39,0,0
102,::std::ops,identity,1,105,0,0
102,::std::ops,module,1,659,0,1
102,::std::ops,types,17,18793,7,19
102,::std::ops,traits,0,48,0,0
102,::std::ops,items,5,3442,5,5
102,::std::ops,associated,86,19950,95,86
102,::std::ops,trait_impls,47,506625,808,434
102,::std::ops,reexports,2,992,0,2
102,::std::ops,construct,0,31,0,0
105,::std::iter,identity,1,412,0,0
105,::std::iter,module,1,2665,0,3
105,::std::iter,types,12,19858,0,12
105,::std::iter,traits,3,27667,0,38
105,::std::iter,items,3,2967,3,3
105,::std::iter,associated,43,10797,44,43
105,::std::iter,trait_impls,31,470584,891,464
105,::std::iter,reexports,0,35,0,0
105,::std::iter,construct,0,39,0,0
105,::std::ops,identity,1,86,0,0
105,::std::ops,module,1,643,0,1
105,::std::ops,types,17,20234,7,19
105,::std::ops,traits,0,52,0,0
105,::std::ops,items,5,3469,5,5
105,::std::ops,associated,86,20028,95,86
105,::std::ops,trait_impls,47,499025,808,434
105,::std::ops,reexports,2,829,0,2
105,::std::ops,construct,0,34,0,0
106,::std::iter,identity,1,430,0,0
106,::std::iter,module,1,3645,0,3
106,::std::iter,types,12,19673,0,12
106,::std::iter,traits,3,27354,0,38
106,::std::iter,items,3,3104,3,3
106,::std::iter,associated,43,11060,44,43
106,::std::iter,trait_impls,31,469477,891,464
106,::std::iter,reexports,0,36,0,0
106,::std::iter,construct,0,39,0,0
106,::std::ops,identity,1,83,0,0
106,::std::ops,module,1,663,0,1
106,::std::ops,types,17,18665,7,19
106,::std::ops,traits,0,52,0,0
106,::std::ops,items,5,3577,5,5
106,::std::ops,associated,86,20003,95,86
106,::std::ops,trait_impls,47,503749,808,434
106,::std::ops,reexports,2,937,0,2
106,::std::ops,construct,0,38,0,0
107,::std::iter,identity,1,1524,0,0
107,::std::iter,module,1,2643,0,3
107,::std::iter,types,12,18432,0,12
107,::std::iter,traits,3,29133,0,38
107,::std::iter,items,3,3049,3,3
107,::std::iter,associated,43,10943,44,43
107,::std::iter,trait_impls,31,474246,891,464
107,::std::iter,reexports,0,39,0,0
107,::std::iter,construct,0,39,0,0
107,::std::ops,identity,1,91,0,0
107,::std::ops,module,1,680,0,1
107,::std::ops,types,17,18674,7,19
107,::std::ops,traits,0,51,0,0
107,::std::ops,items,5,3395,5,5
107,::std::ops,associated,86,19721,95,86
107,::std::ops,trait_impls,47,503370,808,434
107,::std::ops,reexports,2,938,0,2
107,::std::ops,construct,0,35,0,0
112,::std::iter,identity,1,402,0,0
112,::std::iter,module,1,2630,0,3
112,::std::iter,types,12,19530,0,12
112,::std::iter,traits,3,27231,0,38
112,::std::iter,items,3,2996,3,3
112,::std::iter,associated,43,14386,44,43
112,::std::iter,trait_impls,31,465970,891,464
112,::std::iter,reexports,0,40,0,0
112,::std::iter,construct,0,35,0,0
112,::std::ops,identity,1,120,0,0
112,::std::ops,module,1,650,0,1
112,::std::ops,types,17,18620,7,19
112,::std::ops,traits,0,56,0,0
112,::std::ops,items,5,3365,5,5
112,::std::ops,associated,86,20406,95,86
112,::std::ops,trait_impls,47,503583,808,434
112,::std::ops,reexports,2,934,0,2
112,::std::ops,construct,0,31,0,0
115,::std::iter,identity,1,427,0,0
115,::std::iter,module,1,2574,0,3
115,::std::iter,types,12,28883,0,12
115,::std::iter,traits,3,27729,0,38
115,::std::iter,items,3,3116,3,3
115,::std::iter,associated,43,11103,44,43
115,::std::iter,trait_impls,31,468094,891,464
115,::std::iter,reexports,0,37,0,0
115,::std::iter,construct,0,36,0,0
115,::std::ops,identity,1,97,0,0
115,::std::ops,module,1,641,0,1
115,::std::ops,types,17,18722,7,19
115,::std::ops,traits,0,56,0,0
115,::std::ops,items,5,3589,5,5
115,::std::ops,associated,86,20261,95,86
115,::std::ops,trait_impls,47,514384,808,434
115,::std::ops,reexports,2,965,0,2
115,::std::ops,construct,0,32,0,0
116,::std::iter,identity,1,422,0,0
116,::std::iter,module,1,2693,0,3
116,::std::iter,types,12,20156,0,12
116,::std::iter,traits,3,32564,0,38
116,::std::iter,items,3,3092,3,3
116,::std::iter,associated,43,12525,44,43
116,::std::iter,trait_impls,31,464509,891,464
116,::std::iter,reexports,0,36,0,0
116,::std::iter,construct,0,36,0,0
116,::std::ops,identity,1,73,0,0
116,::std::ops,module,1,589,0,1
116,::std::ops,types,17,18342,7,19
116,::std::ops,traits,0,48,0,0
116,::std::ops,items,5,3423,5,5
116,::std::ops,associated,86,20113,95,86
116,::std::ops,trait_impls,47,501918,808,434
116,::std::ops,reexports,2,963,0,2
116,::std::ops,construct,0,35,0,0
126,::std::iter,identity,1,416,0,0
126,::std::iter,module,1,2683,0,3
126,::std::iter,types,12,20564,0,12
126,::std::iter,traits,3,28009,0,38
126,::std::iter,items,3,3050,3,3
126,::std::iter,associated,43,10969,44,43
126,::std::iter,trait_impls,31,467756,891,464
126,::std::iter,reexports,0,35,0,0
126,::std::iter,construct,0,37,0,0
126,::std::ops,identity,1,159,0,0
126,::std::ops,module,1,679,0,1
126,::std::ops,types,17,20045,7,19
126,::std::ops,traits,0,48,0,0
126,::std::ops,items,5,3500,5,5
126,::std::ops,associated,86,20142,95,86
126,::std::ops,trait_impls,47,498230,808,434
126,::std::ops,reexports,2,865,0,2
126,::std::ops,construct,0,35,0,0
127,::std::iter,identity,1,1441,0,0
127,::std::iter,module,1,7218,0,3
127,::std::iter,types,12,18819,0,12
127,::std::iter,traits,3,28046,0,38
127,::std::iter,items,3,3045,3,3
127,::std::iter,associated,43,11369,44,43
127,::std::iter,trait_impls,31,467478,891,464
127,::std::iter,reexports,0,37,0,0
127,::std::iter,construct,0,37,0,0
127,::std::ops,identity,1,87,0,0
127,::std::ops,module,1,646,0,1
127,::std::ops,types,17,18423,7,19
127,::std::ops,traits,0,57,0,0
127,::std::ops,items,5,3402,5,5
127,::std::ops,associated,86,23026,95,86
127,::std::ops,trait_impls,47,494282,808,434
127,::std::ops,reexports,2,961,0,2
127,::std::ops,construct,0,33,0,0
128,::std::iter,identity,1,444,0,0
128,::std::iter,module,1,2588,0,3
128,::std::iter,types,12,20914,0,12
128,::std::iter,traits,3,28793,0,38
128,::std::iter,items,3,3129,3,3
128,::std::iter,associated,43,10838,44,43
128,::std::iter,trait_impls,31,470231,891,464
128,::std::iter,reexports,0,37,0,0
128,::std::iter,construct,0,42,0,0
128,::std::ops,identity,1,89,0,0
128,::std::ops,module,1,656,0,1
128,::std::ops,types,17,18733,7,19
128,::std::ops,traits,0,35,0,0
128,::std::ops,items,5,3427,5,5
128,::std::ops,associated,86,20097,95,86
128,::std::ops,trait_impls,47,501492,808,434
128,::std::ops,reexports,2,872,0,2
128,::std::ops,construct,0,37,0,0
130,::std::iter,identity,1,427,0,0
130,::std::iter,module,1,2617,0,3
130,::std::iter,types,12,19916,0,12
130,::std::iter,traits,3,27451,0,38
130,::std::iter,items,3,3045,3,3
130,::std::iter,associated,43,10956,44,43
130,::std::iter,trait_impls,31,467043,891,464
130,::std::iter,reexports,0,38,0,0
130,::std::iter,construct,0,41,0,0
130,::std::ops,identity,1,107,0,0
130,::std::ops,module,1,647,0,1
130,::std::ops,types,17,20222,7,19
130,::std::ops,traits,0,58,0,0
130,::std::ops,items,5,3463,5,5
130,::std::ops,associated,86,19910,95,86
130,::std::ops,trait_impls,47,500378,808,434
130,::std::ops,reexports,2,923,0,2
130,::std::ops,construct,0,37,0,0
133,::std::iter,identity,1,443,0,0
133,::std::iter,module,1,2679,0,3
133,::std::iter,types,12,18377,0,12
133,::std::iter,traits,3,27262,0,38
133,::std::iter,items,3,3094,3,3
133,::std::iter,associated,43,12801,44,43
133,::std::iter,trait_impls,31,466123,891,464
133,::std::iter,reexports,0,36,0,0
133,::std::iter,construct,0,36,0,0
133,::std::ops,identity,1,104,0,0
133,::std::ops,module,1,646,0,1
133,::std::ops,types,17,18815,7,19
133,::std::ops,traits,0,54,0,0
133,::std::ops,items,5,3515,5,5
133,::std::ops,associated,86,20138,95,86
133,::std::ops,trait_impls,47,495546,808,434
133,::std::ops,reexports,2,914,0,2
133,::std::ops,construct,0,34,0,0
136,::std::iter,identity,1,457,0,0
136,::std::iter,module,1,3681,0,3
136,::std::iter,types,12,19473,0,12
136,::std::iter,traits,3,29182,0,38
136,::std::iter,items,3,3127,3,3
136,::std::iter,associated,43,10940,44,43
136,::std::iter,trait_impls,31,466805,891,464
136,::std::iter,reexports,0,36,0,0
136,::std::iter,construct,0,35,0,0
136,::std::ops,identity,1,89,0,0
136,::std::ops,module,1,651,0,1
136,::std::ops,types,17,18701,7,19
136,::std::ops,traits,0,49,0,0
136,::std::ops,items,5,3401,5,5
136,::std::ops,associated,86,20371,95,86
136,::std::ops,trait_impls,47,504504,808,434
136,::std::ops,reexports,2,911,0,2
136,::std::ops,construct,0,36,0,0
137,::std::iter,identity,1,436,0,0
137,::std::iter,module,1,3688,0,3
137,::std::iter,types,12,20402,0,12
137,::std::iter,traits,3,27290,0,38
137,::std::iter,items,3,2990,3,3
137,::std::iter,associated,43,12771,44,43
137,::std::iter,trait_impls,31,466742,891,464
137,::std::iter,reexports,0,36,0,0
137,::std::iter,construct,0,43,0,0
137,::std::ops,identity,1,94,0,0
137,::std::ops,module,1,629,0,1
137,::std::ops,types,17,19020,7,19
137,::std::ops,traits,0,57,0,0
137,::std::ops,items,5,3381,5,5
137,::std::ops,associated,86,20275,95,86
137,::std::ops,trait_impls,47,499723,808,434
137,::std::ops,reexports,2,882,0,2
137,::std::ops,construct,0,38,0,0
144,::std::iter,identity,1,682,0,0
144,::std::iter,module,1,3539,0,3
144,::std::iter,types,12,23269,0,12
144,::std::iter,traits,3,28292,0,38
144,::std::iter,items,3,3367,3,3
144,::std::iter,associated,43,11267,44,43
144,::std::iter,trait_impls,31,470243,891,464
144,::std::iter,reexports,0,38,0,0
144,::std::iter,construct,0,33,0,0
144,::std::ops,identity,1,78,0,0
144,::std::ops,module,1,647,0,1
144,::std::ops,types,17,18742,7,19
144,::std::ops,traits,0,50,0,0
144,::std::ops,items,5,3458,5,5
144,::std::ops,associated,86,19747,95,86
144,::std::ops,trait_impls,47,499745,808,434
144,::std::ops,reexports,2,913,0,2
144,::std::ops,construct,0,25,0,0
149,::std::iter,identity,1,426,0,0
149,::std::iter,module,1,2649,0,3
149,::std::iter,types,12,20513,0,12
149,::std::iter,traits,3,34744,0,38
149,::std::iter,items,3,3126,3,3
149,::std::iter,associated,43,11142,44,43
149,::std::iter,trait_impls,31,466633,891,464
149,::std::iter,reexports,0,39,0,0
149,::std::iter,construct,0,33,0,0
149,::std::ops,identity,1,111,0,0
149,::std::ops,module,1,628,0,1
149,::std::ops,types,17,19324,7,19
149,::std::ops,traits,0,55,0,0
149,::std::ops,items,5,3523,5,5
149,::std::ops,associated,86,19854,95,86
149,::std::ops,trait_impls,47,501219,808,434
149,::std::ops,reexports,2,972,0,2
149,::std::ops,construct,0,34,0,0
150,::std::iter,identity,1,415,0,0
150,::std::iter,module,1,2600,0,3
150,::std::iter,types,12,25860,0,12
150,::std::iter,traits,3,27452,0,38
150,::std::iter,items,3,2973,3,3
150,::std::iter,associated,43,10812,44,43
150,::std::iter,trait_impls,31,471060,891,464
150,::std::iter,reexports,0,36,0,0
150,::std::iter,construct,0,35,0,0
150,::std::ops,identity,1,84,0,0
150,::std::ops,module,1,653,0,1
150,::std::ops,types,17,18437,7,19
150,::std::ops,traits,0,21,0,0
150,::std::ops,items,5,3378,5,5
150,::std::ops,associated,86,20311,95,86
150,::std::ops,trait_impls,47,500494,808,434
150,::std::ops,reexports,2,904,0,2
150,::std::ops,construct,0,31,0,0
152,::std::iter,identity,1,404,0,0
152,::std::iter,module,1,2710,0,3
152,::std::iter,types,12,18757,0,12
152,::std::iter,traits,3,31813,0,38
152,::std::iter,items,3,3127,3,3
152,::std::iter,associated,43,20238,44,43
152,::std::iter,trait_impls,31,466132,891,464
152,::std::iter,reexports,0,36,0,0
152,::std::iter,construct,0,39,0,0
152,::std::ops,identity,1,117,0,0
152,::std::ops,module,1,686,0,1
152,::std::ops,types,17,18644,7,19
152,::std::ops,traits,0,21,0,0
152,::std::ops,items,5,3390,5,5
152,::std::ops,associated,86,20090,95,86
152,::std::ops,trait_impls,47,500327,808,434
152,::std::ops,reexports,2,898,0,2
152,::std::ops,construct,0,32,0,0
153,::std::iter,identity,1,405,0,0
153,::std::iter,module,1,2629,0,3
153,::std::iter,types,12,18795,0,12
153,::std::iter,traits,3,29366,0,38
153,::std::iter,items,3,3059,3,3
153,::std::iter,associated,43,11064,44,43
153,::std::iter,trait_impls,31,467444,891,464
153,::std::iter,reexports,0,37,0,0
153,::std::iter,construct,0,34,0,0
153,::std::ops,identity,1,83,0,0
153,::std::ops,module,1,638,0,1
153,::std::ops,types,17,18682,7,19
153,::std::ops,traits,0,56,0,0
153,::std::ops,items,5,3313,5,5
153,::std::ops,associated,86,19979,95,86
153,::std::ops,trait_impls,47,501519,808,434
153,::std::ops,reexports,2,922,0,2
153,::std::ops,construct,0,31,0,0
156,::std::iter,identity,1,408,0,0
156,::std::iter,module,1,2599,0,3
156,::std::iter,types,12,24038,0,12
156,::std::iter,traits,3,27494,0,38
156,::std::iter,items,3,3095,3,3
156,::std::iter,associated,43,10962,44,43
156,::std::iter,trait_impls,31,468396,891,464
156,::std::iter,reexports,0,36,0,0
156,::std::iter,construct,0,42,0,0
156,::std::ops,identity,1,104,0,0
156,::std::ops,module,1,619,0,1
156,::std::ops,types,17,18520,7,19
156,::std::ops,traits,0,49,0,0
156,::std::ops,items,5,3505,5,5
156,::std::ops,associated,86,20010,95,86
156,::std::ops,trait_impls,47,503517,808,434
156,::std::ops,reexports,2,890,0,2
156,::std::ops,construct,0,38,0,0
158,::std::iter,identity,1,433,0,0
158,::std::iter,module,1,2628,0,3
158,::std::iter,types,12,24839,0,12
158,::std::iter,traits,3,27997,0,38
158,::std::iter,items,3,2921,3,3
158,::std::iter,associated,43,12915,44,43
158,::std::iter,trait_impls,31,466257,891,464
158,::std::iter,reexports,0,37,0,0
158,::std::iter,construct,0,35,0,0
158,::std::ops,identity,1,81,0,0
158,::std::ops,module,1,683,0,1
158,::std::ops,types,17,18443,7,19
158,::std::ops,traits,0,50,0,0
158,::std::ops,items,5,3418,5,5
158,::std::ops,associated,86,20040,95,86
158,::std::ops,trait_impls,47,497754,808,434
158,::std::ops,reexports,2,943,0,2
158,::std::ops,construct,0,31,0,0
159,::std::iter,identity,1,425,0,0
159,::std::iter,module,1,2611,0,3
159,::std::iter,types,12,20167,0,12
159,::std::iter,traits,3,27299,0,38
159,::std::iter,items,3,3041,3,3
159,::std::iter,associated,43,10894,44,43
159,::std::iter,trait_impls,31,479995,891,464
159,::std::iter,reexports,0,38,0,0
159,::std::iter,construct,0,36,0,0
159,::std::ops,identity,1,73,0,0
159,::std::ops,module,1,627,0,1
159,::std::ops,types,17,18951,7,19
159,::std::ops,traits,0,55,0,0
159,::std::ops,items,5,3505,5,5
159,::std::ops,associated,86,19846,95,86
159,::std::ops,trait_impls,47,502443,808,434
159,::std::ops,reexports,2,991,0,2
159,::std::ops,construct,0,33,0,0
161,::std::iter,identity,1,428,0,0
161,::std::iter,module,1,3779,0,3
161,::std::iter,types,12,21567,0,12
161,::std::iter,traits,3,27383,0,38
161,::std::iter,items,3,3153,3,3
161,::std::iter,associated,43,10786,44,43
161,::std::iter,trait_impls,31,467232,891,464
161,::std::iter,reexports,0,37,0,0
161,::std::iter,construct,0,37,0,0
161,::std::ops,identity,1,84,0,0
161,::std::ops,module,1,646,0,1
161,::std::ops,types,17,18596,7,19
161,::std::ops,traits,0,49,0,0
161,::std::ops,items,5,3522,5,5
161,::std::ops,associated,86,20181,95,86
161,::std::ops,trait_impls,47,502420,808,434
161,::std::ops,reexports,2,931,0,2
161,::std::ops,construct,0,35,0,0
162,::std::iter,identity,1,422,0,0
162,::std::iter,module,1,3623,0,3
162,::std::iter,types,12,19679,0,12
162,::std::iter,traits,3,29060,0,38
162,::std::iter,items,3,3036,3,3
162,::std::iter,associated,43,11197,44,43
162,::std::iter,trait_impls,31,468884,891,464
162,::std::iter,reexports,0,38,0,0
162,::std::iter,construct,0,36,0,0
162,::std::ops,identity,1,101,0,0
162,::std::ops,module,1,618,0,1
162,::std::ops,types,17,19056,7,19
162,::std::ops,traits,0,50,0,0
162,::std::ops,items,5,3408,5,5
162,::std::ops,associated,86,20096,95,86
162,::std::ops,trait_impls,47,503361,808,434
162,::std::ops,reexports,2,868,0,2
162,::std::ops,construct,0,38,0,0
163,::std::iter,identity,1,1483,0,0
163,::std::iter,module,1,2643,0,3
163,::std::iter,types,12,24267,0,12
163,::std::iter,traits,3,27818,0,38
163,::std::iter,items,3,3103,3,3
163,::std::iter,associated,43,11180,44,43
163,::std::iter,trait_impls,31,468402,891,464
163,::std::iter,reexports,0,37,0,0
163,::std::iter,construct,0,38,0,0
163,::std::ops,identity,1,115,0,0
163,::std::ops,module,1,741,0,1
163,::std::ops,types,17,18609,7,19
163,::std::ops,traits,0,48,0,0
163,::std::ops,items,5,3368,5,5
163,::std::ops,associated,86,20088,95,86
163,::std::ops,trait_impls,47,504435,808,434
163,::std::ops,reexports,2,978,0,2
163,::std::ops,construct,0,34,0,0
166,::std::iter,identity,1,421,0,0
166,::std::iter,module,1,2753,0,3
166,::std::iter,types,12,25869,0,12
166,::std::iter,traits,3,29255,0,38
166,::std::iter,items,3,3099,3,3
166,::std::iter,associated,43,10734,44,43
166,::std::iter,trait_impls,31,469937,891,464
166,::std::iter,reexports,0,40,0,0
166,::std::iter,construct,0,33,0,0
166,::std::ops,identity,1,89,0,0
166,::std::ops,module,1,668,0,1
166,::std::ops,types,17,18509,7,19
166,::std::ops,traits,0,47,0,0
166,::std::ops,items,5,3383,5,5
166,::std::ops,associated,86,19899,95,86
166,::std::ops,trait_impls,47,500943,808,434
166,::std::ops,reexports,2,945,0,2
166,::std::ops,construct,0,33,0,0
169,::std::iter,identity,1,423,0,0
169,::std::iter,module,1,2671,0,3
169,::std::iter,types,12,21150,0,12
169,::std::iter,traits,3,27097,0,38
169,::std::iter,items,3,3038,3,3
169,::std::iter,associated,43,10785,44,43
169,::std::iter,trait_impls,31,473478,891,464
169,::std::iter,reexports,0,39,0,0
169,::std::iter,construct,0,39,0,0
169,::std::ops,identity,1,119,0,0
169,::std::ops,module,1,625,0,1
169,::std::ops,types,17,18485,7,19
169,::std::ops,traits,0,36,0,0
169,::std::ops,items,5,3375,5,5
169,::std::ops,associated,86,20229,95,86
169,::std::ops,trait_impls,47,501344,808,434
169,::std::ops,reexports,2,945,0,2
169,::std::ops,construct,0,33,0,0
170,::std::iter,identity,1,435,0,0
170,::std::iter,module,1,2593,0,3
170,::std::iter,types,12,20452,0,12
170,::std::iter,traits,3,28488,0,38
170,::std::iter,items,3,3041,3,3
170,::std::iter,associated,43,10914,44,43
170,::std::iter,trait_impls,31,474046,891,464
170,::std::iter,reexports,0,36,0,0
170,::std::iter,construct,0,44,0,0
170,::std::ops,identity,1,110,0,0
170,::std::ops,module,1,660,0,1
170,::std::ops,types,17,18608,7,19
170,::std::ops,traits,0,20,0,0
170,::std::ops,items,5,3417,5,5
170,::std::ops,associated,86,20485,95,86
170,::std::ops,trait_impls,47,505160,808,434
170,::std::ops,reexports,2,948,0,2
170,::std::ops,construct,0,32,0,0
171,::std::iter,identity,1,410,0,0
171,::std::iter,module,1,2623,0,3
171,::std::iter,types,12,24965,0,12
171,::std::iter,traits,3,27988,0,38
171,::std::iter,items,3,3012,3,3
171,::std::iter,associated,43,12739,44,43
171,::std::iter,trait_impls,31,467948,891,464
171,::std::iter,reexports,0,37,0,0
171,::std::iter,construct,0,35,0,0
171,::std::ops,identity,1,106,0,0
171,::std::ops,module,1,618,0,1
171,::std::ops,types,17,18810,7,19
171,::std::ops,traits,0,53,0,0
171,::std::ops,items,5,3439,5,5
171,::std::ops,associated,86,19855,95,86
171,::std::ops,trait_impls,47,503415,808,434
171,::std::ops,reexports,2,918,0,2
171,::std::ops,construct,0,34,0,0
172,::std::iter,identity,1,1455,0,0
172,::std::iter,module,1,2576,0,3
172,::std::iter,types,12,18377,0,12
172,::std::iter,traits,3,27348,0,38
172,::std::iter,items,3,2940,3,3
172,::std::iter,associated,43,10797,44,43
172,::std::iter,trait_impls,31,468664,891,464
172,::std::iter,reexports,0,39,0,0
172,::std::iter,construct,0,35,0,0
172,::std::ops,identity,1,106,0,0
172,::std::ops,module,1,656,0,1
172,::std::ops,types,17,20229,7,19
172,::std::ops,traits,0,47,0,0
172,::std::ops,items,5,3417,5,5
172,::std::ops,associated,86,19727,95,86
172,::std::ops,trait_impls,47,503043,808,434
172,::std::ops,reexports,2,911,0,2
172,::std::ops,construct,0,32,0,0
173,::std::iter,identity,1,413,0,0
173,::std::iter,module,1,2640,0,3
173,::std::iter,types,12,19989,0,12
173,::std::iter,traits,3,27312,0,38
173,::std::iter,items,3,3060,3,3
173,::std::iter,associated,43,10806,44,43
173,::std::iter,trait_impls,31,468093,891,464
173,::std::iter,reexports,0,39,0,0
173,::std::iter,construct,0,33,0,0
173,::std::ops,identity,1,83,0,0
173,::std::ops,module,1,617,0,1
173,::std::ops,types,17,18646,7,19
173,::std::ops,traits,0,21,0,0
173,::std::ops,items,5,3451,5,5
173,::std::ops,associated,86,19932,95,86
173,::std::ops,trait_impls,47,505366,808,434
173,::std::ops,reexports,2,955,0,2
173,::std::ops,construct,0,33,0,0
174,::std::iter,identity,1,440,0,0
174,::std::iter,module,1,2605,0,3
174,::std::iter,types,12,18754,0,12
174,::std::iter,traits,3,29700,0,38
174,::std::iter,items,3,3067,3,3
174,::std::iter,associated,43,10978,44,43
174,::std::iter,trait_impls,31,467420,891,464
174,::std::iter,reexports,0,37,0,0
174,::std::iter,construct,0,36,0,0
174,::std::ops,identity,1,108,0,0
174,::std::ops,module,1,661,0,1
174,::std::ops,types,17,18567,7,19
174,::std::ops,traits,0,57,0,0
174,::std::ops,items,5,3442,5,5
174,::std::ops,associated,86,19952,95,86
174,::std::ops,trait_impls,47,495738,808,434
174,::std::ops,reexports,2,916,0,2
174,::std::ops,construct,0,34,0,0
175,::std::iter,identity,1,402,0,0
175,::std::iter,module,1,2678,0,3
175,::std::iter,types,12,20588,0,12
175,::std::iter,traits,3,27371,0,38
175,::std::iter,items,3,3032,3,3
175,::std::iter,associated,43,12730,44,43
175,::std::iter,trait_impls,31,468801,891,464
175,::std::iter,reexports,0,37,0,0
175,::std::iter,construct,0,36,0,0
175,::std::ops,identity,1,99,0,0
175,::std::ops,module,1,660,0,1
175,::std::ops,types,17,18866,7,19
175,::std::ops,traits,0,54,0,0
175,::std::ops,items,5,3360,5,5
175,::std::ops,associated,86,20209,95,86
175,::std::ops,trait_impls,47,501213,808,434
175,::std::ops,reexports,2,870,0,2
175,::std::ops,construct,0,33,0,0
176,::std::iter,identity,1,400,0,0
176,::std::iter,module,1,2520,0,3
176,::std::iter,types,12,20757,0,12
176,::std::iter,traits,3,27333,0,38
176,::std::iter,items,3,3133,3,3
176,::std::iter,associated,43,10956,44,43
176,::std::iter,trait_impls,31,467217,891,464
176,::std::iter,reexports,0,37,0,0
176,::std::iter,construct,0,39,0,0
176,::std::ops,identity,1,82,0,0
176,::std::ops,module,1,705,0,1
176,::std::ops,types,17,20314,7,19
176,::std::ops,traits,0,51,0,0
176,::std::ops,items,5,3384,5,5
176,::std::ops,associated,86,19666,95,86
176,::std::ops,trait_impls,47,500970,808,434
176,::std::ops,reexports,2,896,0,2
176,::std::ops,construct,0,34,0,0
177,::std::iter,identity,1,394,0,0
177,::std::iter,module,1,2632,0,3
177,::std::iter,types,12,20115,0,12
177,::std::iter,traits,3,28115,0,38
177,::std::iter,items,3,3066,3,3
177,::std::iter,associated,43,11052,44,43
177,::std::iter,trait_impls,31,470700,891,464
177,::std::iter,reexports,0,39,0,0
177,::std::iter,construct,0,35,0,0
177,::std::ops,identity,1,154,0,0
177,::std::ops,module,1,675,0,1
177,::std::ops,types,17,18750,7,19
177,::std::ops,traits,0,51,0,0
177,::std::ops,items,5,3481,5,5
177,::std::ops,associated,86,20078,95,86
177,::std::ops,trait_impls,47,501399,808,434
177,::std::ops,reexports,2,861,0,2
177,::std::ops,construct,0,35,0,0
179,::std::iter,identity,1,1515,0,0
179,::std::iter,module,1,2752,0,3
179,::std::iter,types,12,18882,0,12
179,::std::iter,traits,3,27325,0,38
179,::std::iter,items,3,3027,3,3
179,::std::iter,associated,43,12510,44,43
179,::std::iter,trait_impls,31,468579,891,464
179,::std::iter,reexports,0,36,0,0
179,::std::iter,construct,0,39,0,0
179,::std::ops,identity,1,82,0,0
179,::std::ops,module,1,682,0,1
179,::std::ops,types,17,19066,7,19
179,::std::ops,traits,0,56,0,0
179,::std::ops,items,5,3469,5,5
179,::std::ops,associated,86,19868,95,86
179,::std::ops,trait_impls,47,502720,808,434
179,::std::ops,reexports,2,927,0,2
179,::std::ops,construct,0,34,0,0
182,::std::iter,identity,1,443,0,0
182,::std::iter,module,1,2660,0,3
182,::std::iter,types,12,20632,0,12
182,::std::iter,traits,3,29160,0,38
182,::std::iter,items,3,3171,3,3
182,::std::iter,associated,43,10982,44,43
182,::std::iter,trait_impls,31,467932,891,464
182,::std::iter,reexports,0,37,0,0
182,::std::iter,construct,0,38,0,0
182,::std::ops,identity,1,105,0,0
182,::std::ops,module,1,639,0,1
182,::std::ops,types,17,18815,7,19
182,::std::ops,traits,0,46,0,0
182,::std::ops,items,5,3502,5,5
182,::std::ops,associated,86,19856,95,86
182,::std::ops,trait_impls,47,500580,808,434
182,::std::ops,reexports,2,899,0,2
182,::std::ops,construct,0,38,0,0
183,::std::iter,identity,1,436,0,0
183,::std::iter,module,1,2624,0,3
183,::std::iter,types,12,18916,0,12
183,::std::iter,traits,3,27580,0,38
183,::std::iter,items,3,3008,3,3
183,::std::iter,associated,43,12790,44,43
183,::std::iter,trait_impls,31,469606,891,464
183,::std::iter,reexports,0,37,0,0
183,::std::iter,construct,0,37,0,0
183,::std::ops,identity,1,113,0,0
183,::std::ops,module,1,608,0,1
183,::std::ops,types,17,18845,7,19
183,::std::ops,traits,0,54,0,0
183,::std::ops,items,5,3492,5,5
183,::std::ops,associated,86,20169,95,86
183,::std::ops,trait_impls,47,504797,808,434
183,::std::ops,reexports,2,914,0,2
183,::std::ops,construct,0,32,0,0
188,::std::iter,identity,1,391,0,0
188,::std::iter,module,1,2623,0,3
188,::std::iter,types,12,19890,0,12
188,::std::iter,traits,3,27483,0,38
188,::std::iter,items,3,3034,3,3
188,::std::iter,associated,43,10831,44,43
188,::std::iter,trait_impls,31,469646,891,464
188,::std::iter,reexports,0,38,0,0
188,::std::iter,construct,0,36,0,0
188,::std::ops,identity,1,91,0,0
188,::std::ops,module,1,663,0,1
188,::std::ops,types,17,18614,7,19
188,::std::ops,traits,0,45,0,0
188,::std::ops,items,5,3367,5,5
188,::std::ops,associated,86,19959,95,86
188,::std::ops,trait_impls,47,501396,808,434
188,::std::ops,reexports,2,941,0,2
188,::std::ops,construct,0,38,0,0
189,::std::iter,identity,1,441,0,0
189,::std::iter,module,1,2560,0,3
189,::std::iter,types,12,19554,0,12
189,::std::iter,traits,3,27561,0,38
189,::std::iter,items,3,3086,3,3
189,::std::iter,associated,43,11100,44,43
189,::std::iter,trait_impls,31,467546,891,464
189,::std::iter,reexports,0,37,0,0
189,::std::iter,construct,0,42,0,0
189,::std::ops,identity,1,119,0,0
189,::std::ops,module,1,671,0,1
189,::std::ops,types,17,18572,7,19
189,::std::ops,traits,0,24,0,0
189,::std::ops,items,5,3309,5,5
189,::std::ops,associated,86,21665,95,86
189,::std::ops,trait_impls,47,502824,808,434
189,::std::ops,reexports,2,1054,0,2
189,::std::ops,construct,0,30,0,0
190,::std::iter,identity,1,392,0,0
190,::std::iter,module,1,2734,0,3
190,::std::iter,types,12,22801,0,12
190,::std::iter,traits,3,32560,0,38
190,::std::iter,items,3,3073,3,3
190,::std::iter,associated,43,10850,44,43
190,::std::iter,trait_impls,31,468220,891,464
190,::std::iter,reexports,0,39,0,0
190,::std::iter,construct,0,37,0,0
190,::std::ops,identity,1,114,0,0
190,::std::ops,module,1,660,0,1
190,::std::ops,types,17,18929,7,19
190,::std::ops,traits,0,48,0,0
190,::std::ops,items,5,3457,5,5
190,::std::ops,associated,86,20126,95,86
190,::std::ops,trait_impls,47,499158,808,434
190,::std::ops,reexports,2,997,0,2
190,::std::ops,construct,0,35,0,0
191,::std::iter,identity,1,492,0,0
191,::std::iter,module,1,2588,0,3
191,::std::iter,types,12,21287,0,12
191,::std::iter,traits,3,29282,0,38
191,::std::iter,items,3,3118,3,3
191,::std::iter,associated,43,11115,44,43
191,::std::iter,trait_impls,31,467673,891,464
191,::std::iter,reexports,0,36,0,0
191,::std::iter,construct,0,39,0,0
191,::std::ops,identity,1,103,0,0
191,::std::ops,module,1,668,0,1
191,::std::ops,types,17,18838,7,19
191,::std::ops,traits,0,57,0,0
191,::std::ops,items,5,3501,5,5
191,::std::ops,associated,86,20003,95,86
191,::std::ops,trait_impls,47,501542,808,434
191,::std::ops,reexports,2,929,0,2
191,::std::ops,construct,0,34,0,0
192,::std::iter,identity,1,422,0,0
192,::std::iter,module,1,2616,0,3
192,::std::iter,types,12,19400,0,12
192,::std::iter,traits,3,27752,0,38
192,::std::iter,items,3,3091,3,3
192,::std::iter,associated,43,10865,44,43
192,::std::iter,trait_impls,31,470602,891,464
192,::std::iter,reexports,0,34,0,0
192,::std::iter,construct,0,36,0,0
192,::std::ops,identity,1,106,0,0
192,::std::ops,module,1,672,0,1
192,::std::ops,types,17,19102,7,19
192,::std::ops,traits,0,133,0,0
192,::std::ops,items,5,3486,5,5
192,::std::ops,associated,86,20407,95,86
192,::std::ops,trait_impls,47,501077,808,434
192,::std::ops,reexports,2,1102,0,2
192,::std::ops,construct,0,33,0,0
193,::std::iter,identity,1,797,0,0
193,::std::iter,module,1,3699,0,3
193,::std::iter,types,12,21762,0,12
193,::std::iter,traits,3,28214,0,38
193,::std::iter,items,3,3536,3,3
193,::std::iter,associated,43,10999,44,43
193,::std::iter,trait_impls,31,466019,891,464
193,::std::iter,reexports,0,39,0,0
193,::std::iter,construct,0,36,0,0
193,::std::ops,identity,1,84,0,0
193,::std::ops,module,1,705,0,1
193,::std::ops,types,17,20403,7,19
193,::std::ops,traits,0,57,0,0
193,::std::ops,items,5,3400,5,5
193,::std::ops,associated,86,19932,95,86
193,::std::ops,trait_impls,47,503153,808,434
193,::std::ops,reexports,2,922,0,2
193,::std::ops,construct,0,32,0,0
195,::std::iter,identity,1,1464,0,0
195,::std::iter,module,1,2629,0,3
195,::std::iter,types,12,18674,0,12
195,::std::iter,traits,3,30445,0,38
195,::std::iter,items,3,2995,3,3
195,::std::iter,associated,43,10837,44,43
195,::std::iter,trait_impls,31,464151,891,464
195,::std::iter,reexports,0,41,0,0
195,::std::iter,construct,0,38,0,0
195,::std::ops,identity,1,100,0,0
195,::std::ops,module,1,671,0,1
195,::std::ops,types,17,18708,7,19
195,::std::ops,traits,0,36,0,0
195,::std::ops,items,5,3544,5,5
195,::std::ops,associated,86,19961,95,86
195,::std::ops,trait_impls,47,508705,808,434
195,::std::ops,reexports,2,913,0,2
195,::std::ops,construct,0,32,0,0
196,::std::iter,identity,1,1512,0,0
196,::std::iter,module,1,2573,0,3
196,::std::iter,types,12,19819,0,12
196,::std::iter,traits,3,26702,0,38
196,::std::iter,items,3,3070,3,3
196,::std::iter,associated,43,12532,44,43
196,::std::iter,trait_impls,31,461782,891,464
196,::std::iter,reexports,0,38,0,0
196,::std::iter,construct,0,43,0,0
196,::std::ops,identity,1,97,0,0
196,::std::ops,module,1,640,0,1
196,::std::ops,types,17,18736,7,19
196,::std::ops,traits,0,47,0,0
196,::std::ops,items,5,3619,5,5
196,::std::ops,associated,86,20036,95,86
196,::std::ops,trait_impls,47,499877,808,434
196,::std::ops,reexports,2,961,0,2
196,::std::ops,construct,0,33,0,0
198,::std::iter,identity,1,417,0,0
198,::std::iter,module,1,2603,0,3
198,::std::iter,types,12,21199,0,12
198,::std::iter,traits,3,27772,0,38
198,::std::iter,items,3,3104,3,3
198,::std::iter,associated,43,10811,44,43
198,::std::iter,trait_impls,31,464709,891,464
198,::std::iter,reexports,0,37,0,0
198,::std::iter,construct,0,41,0,0
198,::std::ops,identity,1,75,0,0
198,::std::ops,module,1,644,0,1
198,::std::ops,types,17,18819,7,19
198,::std::ops,traits,0,58,0,0
198,::std::ops,items,5,3445,5,5
198,::std::ops,associated,86,19811,95,86
198,::std::ops,trait_impls,47,495403,808,434
198,::std::ops,reexports,2,857,0,2
198,::std::ops,construct,0,39,0,0
