build_ns,context_drop_ns
2529874,322230
2508150,304326
2533793,310023
2521616,322283
2504523,323265
2534828,324480
2507583,323472
2519953,323036
2498836,324349
2531005,308619
2505679,323961
2533953,309897
2487294,308169
2518495,307369
2499390,306087
2528020,306579
2501996,305464
2546881,306249
2505257,310789
2545227,307406
2505519,305224
2525425,307406
2505950,308862
2527918,309083
2501961,309996
2517133,312622
2496327,309137
2528940,307582
2536747,307941
2542508,307677
2499296,307676
2547514,305409
2507361,305575
2532394,308309
2508093,307671
2529013,307718
2544093,307844
2509375,305731
2501360,333658
2506615,328958
2507621,306864
2508191,307725
2517950,306200
2519545,307521
2514894,305501
2509340,307399
2524268,312221
2491714,323767
2522598,327935
2508188,333449
2511420,305025
2510284,305791
2519372,306408
2518895,305694
2519932,317353
2497818,308906
2524391,326420
2506493,310154
2545741,307570
2517303,318218
2541089,311405
2527333,309698
2519233,309102
2491179,308211
2532771,306894
2511804,308593
2502070,307475
2513647,306127
2500290,308298
2506241,308990
2506125,319312
2495011,314601
2497440,336281
2497720,325959
2503557,325347
2527688,320960
2515216,322997
2502871,308294
2548701,309486
2543063,323043
2499495,306735
2531534,325930
2503109,314242
2514874,309490
2492480,307236
2533547,306160
2509575,308163
2539400,305378
2530784,322542
2529407,322886
2524326,307683
2508560,308395
2485841,317483
2500307,321146
2496950,309488
2497387,319355
2512098,307195
2519132,322435
2517078,322450
2508115,326334
