sample,module,build_ns,install_ns,drop_ns
0,iter,60210,555399,3466
0,core,4527,11420,474
0,cmp,4984,16407,638
0,any,3842,3960,285
0,clone,2530,2589,221
0,num,2471,2370,211
0,hash,891,1468,187
0,string,15434,180606,1549
0,bytes,7098,34023,793
0,collections,1475,2283,266
0,collections::hash_map,13684,138074,850
0,collections::hash_set,12541,213730,881
0,collections::vec_deque,7912,80653,855
0,char,3087,9399,322
0,f64,11410,33667,1124
0,tuple,4652,18151,488
0,fmt,6579,6615,357
0,future,1000,2752,216
0,i64,9779,62820,802
0,u64,5860,25457,673
0,io,3283,4584,405
0,macros,206,614,156
0,macros::builtin,1339,2504,184
0,mem,2237,8185,341
0,object,7998,106559,1017
0,ops,45006,579790,4542
0,ops::generator,5740,46416,647
0,option,8083,108338,931
0,result,5382,22522,615
0,stream,1776,4139,295
0,test,2256,4632,295
0,vec,6567,25948,662
0,slice,1963,31217,299
3,iter,46094,535861,2920
3,core,4233,10829,447
3,cmp,4724,16104,672
3,any,1711,3885,279
3,clone,2347,2604,232
3,num,3318,2273,183
3,hash,515,1431,164
3,string,12488,176189,1485
3,bytes,6807,33613,764
3,collections,1348,2273,274
3,collections::hash_map,10297,133980,838
3,collections::hash_set,9802,218046,894
3,collections::vec_deque,7157,67090,889
3,char,2306,9226,370
3,f64,9672,32839,980
3,tuple,3930,18049,445
3,fmt,5071,6333,359
3,future,966,2679,207
3,i64,8589,60794,801
3,u64,5952,24658,571
3,io,3197,4696,366
3,macros,187,632,123
3,macros::builtin,1269,2453,182
3,mem,2119,7968,330
3,object,7680,106283,919
3,ops,41965,562949,4197
3,ops::generator,5504,46588,604
3,option,8111,103329,920
3,result,4770,21389,617
3,stream,1681,4197,271
3,test,2082,4550,285
3,vec,5749,25403,700
3,slice,1857,31123,270
6,iter,48040,531433,2841
6,core,3786,10764,402
6,cmp,4755,15609,595
6,any,2838,3769,274
6,clone,2104,2663,232
6,num,1904,2306,161
6,hash,527,1422,152
6,string,12134,175043,1435
6,bytes,6492,33126,754
6,collections,1389,2207,270
6,collections::hash_map,9143,137717,756
6,collections::hash_set,10030,215252,870
6,collections::vec_deque,7191,67346,824
6,char,2274,9393,276
6,f64,9861,34153,914
6,tuple,3686,17981,428
6,fmt,5086,6472,295
6,future,961,2645,195
6,i64,8341,61139,811
6,u64,5784,24563,609
6,io,3174,4571,340
6,macros,184,613,122
6,macros::builtin,1247,2418,185
6,mem,2163,8061,307
6,object,7936,104318,931
6,ops,42769,541322,3916
6,ops::generator,5344,45340,618
6,option,7851,105262,858
6,result,4711,21033,596
6,stream,1721,4102,275
6,test,2042,4504,277
6,vec,5931,25088,685
6,slice,1889,30248,256
7,iter,48039,532737,3007
7,core,3852,10571,469
7,cmp,4413,15862,677
7,any,1638,3725,311
7,clone,2218,2641,214
7,num,2709,2246,184
7,hash,527,1427,155
7,string,12323,176141,1520
7,bytes,6508,33143,766
7,collections,1373,2171,251
7,collections::hash_map,9767,139052,778
7,collections::hash_set,10054,214571,880
7,collections::vec_deque,7373,67575,856
7,char,2239,9406,305
7,f64,9749,32312,949
7,tuple,3868,17756,449
7,fmt,5031,6413,338
7,future,933,2628,229
7,i64,8745,60182,864
7,u64,6185,24145,589
7,io,3038,4558,386
7,macros,184,578,155
7,macros::builtin,1232,2330,205
7,mem,2063,7875,280
7,object,8228,105938,899
7,ops,42958,568896,4244
7,ops::generator,5433,45692,617
7,option,8002,102859,938
7,result,4831,21362,616
7,stream,1767,4188,268
7,test,2030,4400,305
7,vec,6076,25160,646
7,slice,1932,31116,283
9,iter,49907,528916,3952
9,core,4055,10911,406
9,cmp,4556,15806,633
9,any,1788,3810,278
9,clone,2256,2668,215
9,num,2736,2288,181
9,hash,536,1448,147
9,string,12896,176225,1617
9,bytes,6333,33457,655
9,collections,1379,2443,235
9,collections::hash_map,9280,134266,815
9,collections::hash_set,9734,216586,871
9,collections::vec_deque,7134,67322,811
9,char,2288,9622,286
9,f64,9919,32548,931
9,tuple,3750,17601,458
9,fmt,5017,6481,316
9,future,939,2521,198
9,i64,8756,59811,849
9,u64,6082,24100,638
9,io,3128,4549,315
9,macros,176,586,134
9,macros::builtin,1271,2273,168
9,mem,2234,8041,315
9,object,8202,104564,977
9,ops,44647,541038,4032
9,ops::generator,5200,45671,516
9,option,8215,104776,875
9,result,5043,21287,648
9,stream,1686,4139,283
9,test,2038,4489,275
9,vec,6409,25194,701
9,slice,1902,30881,255
10,iter,51308,534157,2893
10,core,3965,11003,409
10,cmp,4602,15877,620
10,any,2986,3747,298
10,clone,1099,2644,215
10,num,1831,2258,187
10,hash,515,1449,171
10,string,12253,176186,1495
10,bytes,6567,40843,992
10,collections,1405,2221,265
10,collections::hash_map,10713,134556,816
10,collections::hash_set,9863,206612,902
10,collections::vec_deque,7068,68056,807
10,char,2237,9376,333
10,f64,9667,32394,944
10,tuple,3651,17499,440
10,fmt,5153,6459,341
10,future,964,2636,208
10,i64,8816,60717,855
10,u64,5889,24399,642
10,io,3060,4640,326
10,macros,179,621,160
10,macros::builtin,1207,2329,152
10,mem,2141,7924,335
10,object,7690,104260,998
10,ops,43342,541424,4004
10,ops::generator,5383,45881,584
10,option,7723,104792,900
10,result,4829,21429,614
10,stream,1731,4041,254
10,test,1958,4583,246
10,vec,6245,25363,669
10,slice,1877,30536,290
13,iter,55573,530251,3086
13,core,4009,10732,427
13,cmp,4863,15721,636
13,any,1754,3816,292
13,clone,2262,2719,237
13,num,3260,2262,185
13,hash,531,1375,141
13,string,12851,176816,1528
13,bytes,6493,33889,749
13,collections,1319,2251,276
13,collections::hash_map,10816,139147,820
13,collections::hash_set,9916,217338,865
13,collections::vec_deque,6662,68466,877
13,char,2226,9214,332
13,f64,9920,32460,949
13,tuple,4011,17349,419
13,fmt,5158,6404,342
13,future,979,2582,209
13,i64,8637,61043,825
13,u64,5799,24601,623
13,io,3042,4623,384
13,macros,209,600,154
13,macros::builtin,1290,2387,190
13,mem,2106,8033,317
13,object,7771,105644,979
13,ops,42673,541626,4006
13,ops::generator,5194,46007,632
13,option,7605,102477,943
13,result,4637,21373,619
13,stream,1722,4046,258
13,test,2019,4372,298
13,vec,5738,25653,722
13,slice,1894,30497,278
18,iter,52686,538252,2852
18,core,3952,10746,368
18,cmp,4614,15786,566
18,any,3085,3812,287
18,clone,2217,2609,196
18,num,2076,2337,166
18,hash,500,1383,129
18,string,12979,176256,1482
18,bytes,6626,33906,789
18,collections,1382,2170,252
18,collections::hash_map,11373,133888,802
18,collections::hash_set,9880,222422,976
18,collections::vec_deque,7059,74680,794
18,char,2286,9423,326
18,f64,10525,33073,989
18,tuple,3895,17829,436
18,fmt,5185,6296,320
18,future,1017,2589,208
18,i64,8487,60740,798
18,u64,5971,25080,631
18,io,3278,4698,357
18,macros,201,633,114
18,macros::builtin,1253,2458,171
18,mem,2134,8225,299
18,object,7955,110903,1041
18,ops,45942,539974,3995
18,ops::generator,5431,73302,582
18,option,8413,106321,890
18,result,4739,21539,634
18,stream,1724,4139,249
18,test,2080,4623,299
18,vec,5859,25104,650
18,slice,1939,30975,276
19,iter,45041,536655,2916
19,core,3971,10576,439
19,cmp,4439,15967,648
19,any,2947,3732,305
19,clone,1148,2503,226
19,num,1828,2199,197
19,hash,543,1489,185
19,string,12375,175974,1560
19,bytes,5993,33432,738
19,collections,1304,2178,273
19,collections::hash_map,9214,134727,793
19,collections::hash_set,9920,207268,847
19,collections::vec_deque,6982,78033,860
19,char,2240,9534,331
19,f64,9864,32653,993
19,tuple,3725,17621,432
19,fmt,5296,6392,348
19,future,972,2599,201
19,i64,8724,60320,855
19,u64,5675,24449,624
19,io,3203,4745,348
19,macros,170,610,137
19,macros::builtin,1281,2319,186
19,mem,2134,8007,325
19,object,7733,104478,913
19,ops,45124,535696,4139
19,ops::generator,6879,45446,612
19,option,30614,106062,942
19,result,5029,21294,601
19,stream,1713,4097,274
19,test,2105,4558,285
19,vec,6441,25271,678
19,slice,1871,30547,285
20,iter,45639,539685,2899
20,core,3960,10802,424
20,cmp,4752,15875,598
20,any,1726,3774,254
20,clone,2371,2569,197
20,num,2705,2261,180
20,hash,540,1470,156
20,string,12261,174068,1532
20,bytes,6477,35465,733
20,collections,1371,2216,269
20,collections::hash_map,9891,132785,832
20,collections::hash_set,11826,210021,817
20,collections::vec_deque,6905,71800,998
20,char,2965,12243,370
20,f64,10278,34258,964
20,tuple,3745,17786,438
20,fmt,4937,6395,318
20,future,969,2699,175
20,i64,8899,60537,885
20,u64,5680,24283,573
20,io,3131,4572,357
20,macros,189,613,126
20,macros::builtin,2267,2456,178
20,mem,2128,8055,323
20,object,7831,104084,916
20,ops,44832,536571,4172
20,ops::generator,5256,45791,619
20,option,7985,125105,862
20,result,4893,21293,596
20,stream,1764,4078,314
20,test,2104,4477,302
20,vec,5975,24913,737
20,slice,1876,30715,268
22,iter,47392,534380,2976
22,core,4136,11002,428
22,cmp,4627,15925,634
22,any,2920,3923,292
22,clone,2209,2589,241
22,num,2093,2312,180
22,hash,531,1484,148
22,string,12008,175397,1526
22,bytes,6766,33429,729
22,collections,1358,2253,248
22,collections::hash_map,11875,134256,803
22,collections::hash_set,10039,208406,842
22,collections::vec_deque,7361,67176,891
22,char,2401,9365,298
22,f64,10003,32765,989
22,tuple,3739,17819,413
22,fmt,5129,6620,347
22,future,962,2598,198
22,i64,8489,71557,881
22,u64,6121,24693,683
22,io,3220,4716,384
22,macros,161,621,133
22,macros::builtin,2304,2366,177
22,mem,2301,8117,319
22,object,8239,106329,1024
22,ops,42916,535965,4046
22,ops::generator,5383,45380,563
22,option,8678,103184,865
22,result,4886,39036,667
22,stream,1789,4118,292
22,test,2287,4608,265
22,vec,6145,25278,706
22,slice,1867,30773,277
25,iter,48238,535813,2999
25,core,4073,10710,470
25,cmp,4442,15742,642
25,any,3217,3861,299
25,clone,2282,2528,251
25,num,2019,2269,195
25,hash,548,1483,145
25,string,12169,175178,1501
25,bytes,6829,35048,805
25,collections,1394,2289,284
25,collections::hash_map,10693,132685,850
25,collections::hash_set,9718,209583,858
25,collections::vec_deque,6677,67541,901
25,char,2263,9282,327
25,f64,13360,34032,956
25,tuple,3970,17803,424
25,fmt,5295,6466,296
25,future,939,2627,205
25,i64,8749,65833,784
25,u64,6017,24522,677
25,io,3156,4580,393
25,macros,190,595,148
25,macros::builtin,1272,2279,173
25,mem,2078,7907,294
25,object,8236,104163,907
25,ops,44825,534356,4054
25,ops::generator,5539,45038,635
25,option,8259,110671,863
25,result,5078,21217,693
25,stream,1736,3978,289
25,test,2159,4508,295
25,vec,6209,24987,713
25,slice,1890,30406,281
27,iter,45383,537491,3041
27,core,3950,10810,404
27,cmp,4531,15943,621
27,any,1726,3867,291
27,clone,2233,2718,215
27,num,1924,2357,165
27,hash,581,1429,166
27,string,11823,174642,1507
27,bytes,6143,33584,752
27,collections,1299,2227,239
27,collections::hash_map,10629,134270,856
27,collections::hash_set,9486,209134,994
27,collections::vec_deque,7581,67840,955
27,char,2354,9085,342
27,f64,10404,32735,963
27,tuple,3840,17571,467
27,fmt,5052,6410,355
27,future,975,6280,221
27,i64,8688,62350,907
27,u64,5884,30383,756
27,io,3296,4832,381
27,macros,208,617,137
27,macros::builtin,1240,2348,174
27,mem,2154,7897,305
27,object,8002,105689,973
27,ops,43810,535096,4161
27,ops::generator,5215,45362,641
27,option,7916,102755,855
27,result,8382,21314,592
27,stream,1729,4055,283
27,test,1899,4448,278
27,vec,6054,25485,753
27,slice,1874,30502,315
28,iter,45140,546998,2904
28,core,3964,11240,410
28,cmp,4554,16041,661
28,any,1764,4012,302
28,clone,1133,2613,228
28,num,1966,2290,204
28,hash,563,1512,175
28,string,12609,178653,1583
28,bytes,6345,34360,767
28,collections,1309,2222,296
28,collections::hash_map,9160,136688,817
28,collections::hash_set,9443,212939,866
28,collections::vec_deque,7390,68511,921
28,char,2156,9412,336
28,f64,9775,33065,996
28,tuple,3744,18097,498
28,fmt,4922,9491,363
28,future,954,2763,223
28,i64,8586,62008,853
28,u64,6018,31680,690
28,io,3257,4818,399
28,macros,212,683,141
28,macros::builtin,1245,2459,195
28,mem,2214,8088,375
28,object,7983,106477,946
28,ops,43033,538852,4248
28,ops::generator,5473,47977,584
28,option,8328,129851,986
28,result,4973,21951,604
28,stream,1729,4232,293
28,test,2101,4601,304
28,vec,5913,25532,721
28,slice,2034,30998,304
31,iter,47567,559300,2896
31,core,4096,10797,393
31,cmp,4854,15871,617
31,any,1760,3962,266
31,clone,2288,2632,232
31,num,3286,2264,153
31,hash,537,1477,152
31,string,12614,177269,1445
31,bytes,6543,33473,767
31,collections,1310,2221,296
31,collections::hash_map,11375,135839,866
31,collections::hash_set,10020,209701,864
31,collections::vec_deque,7230,67916,861
31,char,2216,9674,295
31,f64,9991,38718,894
31,tuple,3686,18066,445
31,fmt,5293,6373,305
31,future,953,2617,204
31,i64,8640,61166,872
31,u64,5950,24953,601
31,io,3184,4668,333
31,macros,191,645,163
31,macros::builtin,1334,2534,184
31,mem,2137,7952,317
31,object,7670,106789,957
31,ops,42742,539026,4006
31,ops::generator,5373,46318,564
31,option,8143,109550,898
31,result,5044,21714,612
31,stream,1674,4182,287
31,test,1962,4362,251
31,vec,5916,25695,699
31,slice,1826,31078,258
33,iter,47772,553473,2920
33,core,3986,10878,453
33,cmp,4846,15845,610
33,any,3019,3890,298
33,clone,2318,2596,219
33,num,2011,2322,198
33,hash,495,1497,159
33,string,12016,176446,1494
33,bytes,6519,33148,766
33,collections,1474,2132,269
33,collections::hash_map,11121,134668,889
33,collections::hash_set,9754,209745,852
33,collections::vec_deque,6949,67138,767
33,char,2384,9594,316
33,f64,9836,32701,999
33,tuple,4089,17663,408
33,fmt,5164,6457,4233
33,future,952,2775,212
33,i64,8563,61546,871
33,u64,6342,24762,659
33,io,3088,4686,330
33,macros,185,593,145
33,macros::builtin,1325,2322,183
33,mem,2079,8134,291
33,object,8309,105442,1000
33,ops,43251,541742,4053
33,ops::generator,5222,47128,563
33,option,7641,107871,1162
33,result,5626,21529,600
33,stream,1715,4142,244
33,test,1960,4547,232
33,vec,5848,25436,645
33,slice,2020,30676,271
35,iter,47131,530088,2939
35,core,3975,31882,480
35,cmp,4767,15845,636
35,any,3015,3998,278
35,clone,2302,2626,217
35,num,2113,2289,189
35,hash,550,1496,174
35,string,12393,175764,1408
35,bytes,6052,33291,802
35,collections,1346,2208,237
35,collections::hash_map,12085,133954,751
35,collections::hash_set,9574,207252,782
35,collections::vec_deque,6620,69436,857
35,char,2229,9391,286
35,f64,9975,32356,962
35,tuple,3665,17422,441
35,fmt,5004,6322,383
35,future,906,2673,196
35,i64,8373,59583,854
35,u64,5904,24767,627
35,io,3110,4455,365
35,macros,169,649,141
35,macros::builtin,2472,2539,156
35,mem,2155,7707,302
35,object,8005,107579,892
35,ops,45098,534848,4021
35,ops::generator,5414,45423,575
35,option,8476,104392,861
35,result,4720,21148,583
35,stream,1733,4105,260
35,test,2272,4561,247
35,vec,6407,25200,741
35,slice,1854,30451,257
39,iter,56990,532211,2884
39,core,4139,10664,429
39,cmp,4531,15967,673
39,any,2869,3741,293
39,clone,2230,2646,250
39,num,1911,2386,168
39,hash,549,1431,153
39,string,13097,176567,1450
39,bytes,6788,33273,765
39,collections,1323,2275,277
39,collections::hash_map,10970,158485,939
39,collections::hash_set,10314,208533,865
39,collections::vec_deque,6674,67578,835
39,char,2426,9382,311
39,f64,9875,31853,937
39,tuple,3904,17795,463
39,fmt,5318,6395,359
39,future,967,2621,184
39,i64,8652,60116,817
39,u64,6151,24482,624
39,io,3024,4564,367
39,macros,191,619,156
39,macros::builtin,1276,2390,178
39,mem,2113,7937,321
39,object,8046,104428,940
39,ops,44377,538060,4172
39,ops::generator,5476,45310,572
39,option,7822,104454,912
39,result,4954,21352,596
39,stream,1729,4150,251
39,test,2052,4507,300
39,vec,6303,25094,745
39,slice,1902,31642,253
40,iter,52720,535093,2907
40,core,4011,10679,358
40,cmp,4684,15851,659
40,any,1719,3896,290
40,clone,2257,2617,229
40,num,3203,2291,161
40,hash,568,1449,152
40,string,12553,175326,1534
40,bytes,6728,33222,796
40,collections,1361,2258,262
40,collections::hash_map,11018,133563,821
40,collections::hash_set,9469,213111,907
40,collections::vec_deque,6989,66367,816
40,char,2395,9357,304
40,f64,11498,32201,923
40,tuple,4023,17800,439
40,fmt,5289,6430,323
40,future,940,2658,182
40,i64,9063,60735,796
40,u64,6094,24468,665
40,io,3113,4669,389
40,macros,185,634,147
40,macros::builtin,1329,2389,188
40,mem,2067,8059,309
40,object,8302,103957,923
40,ops,44891,537122,4082
40,ops::generator,5512,46116,577
40,option,8099,104643,923
40,result,5021,21182,594
40,stream,1756,4132,292
40,test,2135,4190,276
40,vec,6603,25302,749
40,slice,1892,31137,263
41,iter,46588,539069,2851
41,core,4109,10672,366
41,cmp,4623,15805,599
41,any,3018,3851,294
41,clone,2244,2679,218
41,num,2133,2235,184
41,hash,577,1435,149
41,string,12578,173499,1417
41,bytes,6673,33695,720
41,collections,1412,2184,240
41,collections::hash_map,12678,132876,828
41,collections::hash_set,9843,232291,901
41,collections::vec_deque,7162,67609,799
41,char,2425,9320,269
41,f64,9864,33852,933
41,tuple,3647,17725,462
41,fmt,5203,6377,332
41,future,973,2674,181
41,i64,9255,60761,828
41,u64,5853,24539,643
41,io,3124,4623,329
41,macros,199,590,167
41,macros::builtin,1256,2369,181
41,mem,2099,8030,279
41,object,7835,103656,1023
41,ops,44581,541292,3917
41,ops::generator,5385,45454,559
41,option,7786,104385,875
41,result,4930,21539,622
41,stream,1734,4090,258
41,test,1980,4399,268
41,vec,5819,25848,722
41,slice,1870,30765,262
42,iter,46289,542346,2813
42,core,3963,10917,454
42,cmp,4557,15683,647
42,any,1677,3942,287
42,clone,1099,2647,251
42,num,2010,2297,191
42,hash,549,1450,165
42,string,12096,174902,1581
42,bytes,6255,33747,686
42,collections,1373,2162,287
42,collections::hash_map,9222,134183,879
42,collections::hash_set,9722,212815,905
42,collections::vec_deque,7489,66722,836
42,char,2200,9323,333
42,f64,10104,32401,976
42,tuple,3693,17670,457
42,fmt,5020,6286,340
42,future,944,2674,180
42,i64,9947,60724,825
42,u64,5968,24141,702
42,io,3061,4625,376
42,macros,169,646,160
42,macros::builtin,1289,2362,200
42,mem,2145,7910,344
42,object,7872,104046,1009
42,ops,43237,543262,4095
42,ops::generator,5295,44938,609
42,option,7794,102835,889
42,result,5082,22808,600
42,stream,1790,4180,282
42,test,1957,4361,309
42,vec,5856,25445,683
42,slice,1970,30606,300
48,iter,44380,533944,2834
48,core,3897,10521,364
48,cmp,4647,15699,598
48,any,1685,3782,286
48,clone,1073,2475,207
48,num,1952,2250,162
48,hash,547,1430,133
48,string,12597,180375,1415
48,bytes,6978,33727,743
48,collections,1437,2321,290
48,collections::hash_map,9188,133583,787
48,collections::hash_set,9710,208207,796
48,collections::vec_deque,6893,67188,822
48,char,2307,9204,300
48,f64,10153,32704,950
48,tuple,3618,17498,455
48,fmt,4924,6380,312
48,future,982,2661,183
48,i64,8938,60883,771
48,u64,6293,24721,622
48,io,3075,4651,354
48,macros,193,615,137
48,macros::builtin,1204,2398,168
48,mem,2161,7951,293
48,object,8161,105172,931
48,ops,45245,538838,3961
48,ops::generator,5481,45497,576
48,option,8030,102806,909
48,result,4996,21208,598
48,stream,1672,4031,251
48,test,2059,4510,265
48,vec,6218,24995,691
48,slice,1939,30545,271
49,iter,44754,527754,2818
49,core,3913,10670,401
49,cmp,5456,15722,631
49,any,1683,3876,300
49,clone,1120,2555,221
49,num,1949,2357,188
49,hash,549,1440,134
49,string,12370,180650,1543
49,bytes,6822,33593,741
49,collections,1419,2183,246
49,collections::hash_map,9698,134529,764
49,collections::hash_set,9881,208379,862
49,collections::vec_deque,6619,66763,861
49,char,2087,9442,330
49,f64,9941,32010,978
49,tuple,4021,17724,465
49,fmt,4930,6545,352
49,future,929,2753,202
49,i64,8880,60599,831
49,u64,5903,24438,607
49,io,3078,4514,347
49,macros,193,619,123
49,macros::builtin,1198,2298,167
49,mem,2064,7905,302
49,object,7913,106211,907
49,ops,44453,539911,4036
49,ops::generator,5264,45281,572
49,option,7737,105056,934
49,result,5103,21580,537
49,stream,1792,4223,244
49,test,1969,4597,254
49,vec,5773,25079,677
49,slice,1899,30947,258
50,iter,47400,531595,2908
50,core,3925,10723,428
50,cmp,4569,16169,651
50,any,2963,3860,316
50,clone,2354,2550,235
50,num,1936,2264,190
50,hash,552,1443,168
50,string,11844,175737,1478
50,bytes,6801,33159,748
50,collections,1411,2198,245
50,collections::hash_map,10749,133785,855
50,collections::hash_set,9353,209595,769
50,collections::vec_deque,6720,67771,815
50,char,2185,9455,298
50,f64,9569,32527,955
50,tuple,3639,17486,456
50,fmt,5032,6356,344
50,future,936,2558,228
50,i64,8321,61652,837
50,u64,5891,24964,605
50,io,3113,8654,377
50,macros,252,944,186
50,macros::builtin,1695,3179,228
50,mem,2995,9393,326
50,object,8204,104333,906
50,ops,44590,535005,4248
50,ops::generator,5219,45281,634
50,option,7747,105157,905
50,result,5019,21124,603
50,stream,1762,3988,277
50,test,2001,4417,319
50,vec,6162,25241,672
50,slice,1835,30627,267
51,iter,49937,528262,2938
51,core,3918,15519,437
51,cmp,4829,15901,648
51,any,3010,4010,310
51,clone,2248,2574,210
51,num,2041,2446,213
51,hash,574,1514,157
51,string,11995,175327,1434
51,bytes,6668,35247,765
51,collections,1361,2227,256
51,collections::hash_map,10837,132319,796
51,collections::hash_set,11503,206844,786
51,collections::vec_deque,6829,67226,794
51,char,2209,9601,340
51,f64,9689,33933,977
51,tuple,3708,17945,447
51,fmt,5203,6552,359
51,future,922,2695,198
51,i64,8869,60425,804
51,u64,5909,24308,654
51,io,3149,4544,368
51,macros,185,664,118
51,macros::builtin,1242,2378,182
51,mem,2151,7944,325
51,object,7934,107492,864
51,ops,47663,537200,4011
51,ops::generator,5326,50686,576
51,option,8169,104319,855
51,result,4726,21507,631
51,stream,1764,4009,266
51,test,1992,4659,275
51,vec,5852,25206,714
51,slice,1907,31232,297
55,iter,51203,528046,2993
55,core,4015,10766,366
55,cmp,4558,15920,587
55,any,1644,3771,331
55,clone,1134,2525,195
55,num,1932,2185,186
55,hash,544,1447,156
55,string,13265,175382,1488
55,bytes,6574,33527,746
55,collections,1388,2175,251
55,collections::hash_map,9875,135145,801
55,collections::hash_set,9900,213364,854
55,collections::vec_deque,7165,67166,821
55,char,2267,9300,313
55,f64,9754,32304,972
55,tuple,3887,17602,460
55,fmt,4963,6311,341
55,future,963,2593,199
55,i64,8549,61108,864
55,u64,6091,24380,674
55,io,3113,4542,350
55,macros,191,625,124
55,macros::builtin,1211,2302,166
55,mem,2132,8080,313
55,object,7975,103924,992
55,ops,44003,543616,4222
55,ops::generator,5228,45848,575
55,option,7729,103915,902
55,result,4720,21150,564
55,stream,1774,4258,265
55,test,1973,4419,271
55,vec,6055,25355,683
55,slice,1873,30464,256
56,iter,45243,529285,3011
56,core,3942,10901,463
56,cmp,5717,16029,654
56,any,2870,3833,294
56,clone,1160,2475,203
56,num,1952,2249,191
56,hash,531,1546,176
56,string,12749,176650,1665
56,bytes,6918,33779,799
56,collections,1384,2162,265
56,collections::hash_map,9501,136987,907
56,collections::hash_set,11090,207979,950
56,collections::vec_deque,7180,67286,839
56,char,2323,9323,322
56,f64,11526,32868,974
56,tuple,3933,17944,466
56,fmt,5278,6383,368
56,future,976,2640,214
56,i64,8251,61720,905
56,u64,5770,24866,655
56,io,3116,4557,374
56,macros,185,594,136
56,macros::builtin,1257,2333,195
56,mem,2093,7941,326
56,object,7953,104341,953
56,ops,45142,544213,4196
56,ops::generator,5438,45539,623
56,option,7704,105097,892
56,result,4819,21492,562
56,stream,1712,4099,257
56,test,1944,4459,297
56,vec,5776,25239,690
56,slice,1982,30701,278
59,iter,44465,534263,2951
59,core,3959,10567,443
59,cmp,4596,15721,647
59,any,1726,3844,279
59,clone,2272,2565,256
59,num,2797,2328,216
59,hash,525,1368,150
59,string,12314,175703,1446
59,bytes,6359,33046,764
59,collections,1392,2261,293
59,collections::hash_map,9395,134061,835
59,collections::hash_set,11670,213320,857
59,collections::vec_deque,7398,67445,899
59,char,2241,9129,290
59,f64,10041,32052,929
59,tuple,3837,17652,420
59,fmt,4957,6333,380
59,future,923,2707,205
59,i64,8573,61292,868
59,u64,5789,24572,618
59,io,3032,4594,366
59,macros,159,610,138
59,macros::builtin,1247,2371,184
59,mem,2140,8207,329
59,object,8210,105056,1056
59,ops,42239,552716,4085
59,ops::generator,5554,45559,575
59,option,7782,103072,908
59,result,4996,21409,616
59,stream,1758,4059,297
59,test,2021,4552,300
59,vec,6407,25270,664
59,slice,1920,30891,288
60,iter,45082,533966,4070
60,core,3993,10963,410
60,cmp,4605,15554,680
60,any,2974,3790,316
60,clone,1058,2621,241
60,num,2062,2216,186
60,hash,529,1408,151
60,string,12051,173579,1476
60,bytes,6030,33096,767
60,collections,1291,2225,247
60,collections::hash_map,9201,134751,825
60,collections::hash_set,9712,213418,843
60,collections::vec_deque,6639,67328,944
60,char,2206,9531,314
60,f64,10126,32503,1005
60,tuple,3969,17596,411
60,fmt,5306,6508,323
60,future,950,2643,210
60,i64,8580,60609,897
60,u64,5985,24536,680
60,io,3197,4659,393
60,macros,195,626,134
60,macros::builtin,1247,2409,183
60,mem,2156,8017,379
60,object,8054,105719,933
60,ops,43499,538392,4112
60,ops::generator,5285,45473,570
60,option,8190,104992,888
60,result,5055,21635,623
60,stream,1682,4071,302
60,test,2118,4510,279
60,vec,5799,25107,742
60,slice,1889,30325,293
62,iter,46428,543608,2838
62,core,3990,10832,425
62,cmp,4774,15891,624
62,any,2943,3804,298
62,clone,1163,2563,257
62,num,1897,2269,210
62,hash,553,1445,183
62,string,12213,173784,1402
62,bytes,6303,33030,789
62,collections,1345,2258,276
62,collections::hash_map,10943,132819,856
62,collections::hash_set,9805,214116,877
62,collections::vec_deque,7124,66850,815
62,char,2316,9386,317
62,f64,9817,34530,985
62,tuple,4938,18346,451
62,fmt,5119,6527,328
62,future,946,2649,211
62,i64,8509,60480,832
62,u64,5804,24585,652
62,io,3134,4653,395
62,macros,191,625,146
62,macros::builtin,1210,2380,199
62,mem,2112,7998,323
62,object,8278,103823,926
62,ops,42792,538332,3937
62,ops::generator,5342,45597,613
62,option,7814,103774,858
62,result,4685,21426,613
62,stream,1730,4006,284
62,test,1925,4522,283
62,vec,5908,25499,674
62,slice,1857,30323,293
63,iter,48158,532040,2827
63,core,4194,10657,377
63,cmp,4594,15621,595
63,any,1637,3779,277
63,clone,2302,2640,231
63,num,2837,2225,161
63,hash,537,1434,144
63,string,13051,174546,1418
63,bytes,6667,33306,755
63,collections,1315,2219,253
63,collections::hash_map,9764,133682,771
63,collections::hash_set,11728,209290,883
63,collections::vec_deque,6954,72580,890
63,char,2219,9241,289
63,f64,9623,32297,886
63,tuple,3693,17395,464
63,fmt,4882,6293,337
63,future,912,2687,197
63,i64,9972,59351,844
63,u64,6181,26206,623
63,io,3229,4635,343
63,macros,173,592,148
63,macros::builtin,1132,2367,179
63,mem,2153,7830,296
63,object,8106,103435,926
63,ops,43871,534487,4045
63,ops::generator,5196,45341,593
63,option,7995,120283,828
63,result,5012,21459,570
63,stream,1708,4119,288
63,test,2023,4458,304
63,vec,6069,27177,747
63,slice,1872,30653,270
64,iter,47139,556110,3041
64,core,3895,10806,369
64,cmp,6020,15956,645
64,any,1747,3826,272
64,clone,2226,2652,198
64,num,3194,2342,173
64,hash,575,1444,104
64,string,12626,176873,1484
64,bytes,6440,33672,765
64,collections,1387,2253,281
64,collections::hash_map,11083,135728,914
64,collections::hash_set,9492,209493,837
64,collections::vec_deque,6663,67713,829
64,char,2339,12612,301
64,f64,9915,32806,1006
64,tuple,3993,17736,463
64,fmt,5104,6454,332
64,future,927,2655,186
64,i64,8722,61420,903
64,u64,5862,24349,601
64,io,3107,4629,305
64,macros,185,586,174
64,macros::builtin,1294,2325,182
64,mem,2105,8172,300
64,object,7960,105957,970
64,ops,43226,538535,4010
64,ops::generator,5322,46283,533
64,option,7927,107663,916
64,result,4832,21489,568
64,stream,1668,4064,257
64,test,1986,4441,257
64,vec,6391,25135,733
64,slice,1874,30965,272
66,iter,45112,549706,2905
66,core,3998,10899,402
66,cmp,4616,15780,608
66,any,1739,3818,299
66,clone,2275,2627,209
66,num,2624,2349,171
66,hash,527,1365,163
66,string,12250,176599,1557
66,bytes,6419,33722,789
66,collections,1367,2212,270
66,collections::hash_map,9741,134394,868
66,collections::hash_set,11067,212132,851
66,collections::vec_deque,7414,69417,799
66,char,2218,9444,295
66,f64,9833,32331,974
66,tuple,3665,17731,411
66,fmt,4704,6132,340
66,future,885,2543,200
66,i64,8364,61340,847
66,u64,6269,24440,654
66,io,3023,4597,367
66,macros,198,621,137
66,macros::builtin,1305,2423,180
66,mem,2087,7898,295
66,object,8063,103851,923
66,ops,44779,539673,4045
66,ops::generator,5152,45619,575
66,option,7648,105684,827
66,result,5002,21562,645
66,stream,1720,4087,277
66,test,2060,4646,238
66,vec,5848,25174,725
66,slice,1935,30712,244
67,iter,46924,537774,2887
67,core,3933,10490,422
67,cmp,4679,15871,648
67,any,2930,3807,270
67,clone,1110,2567,237
67,num,2121,2312,184
67,hash,548,1500,134
67,string,12455,173044,1519
67,bytes,6385,33582,766
67,collections,1374,2087,288
67,collections::hash_map,11203,132122,748
67,collections::hash_set,9650,236278,887
67,collections::vec_deque,7506,67439,842
67,char,2197,9212,308
67,f64,9919,34086,965
67,tuple,3866,17583,481
67,fmt,5422,6294,342
67,future,941,2602,179
67,i64,8620,60330,899
67,u64,6188,24559,660
67,io,3213,4534,361
67,macros,185,603,120
67,macros::builtin,1228,2344,173
67,mem,2057,8092,307
67,object,9285,103882,973
67,ops,42543,541974,4091
67,ops::generator,5410,45686,644
67,option,8116,104795,897
67,result,5158,21583,643
67,stream,1751,4056,263
67,test,2076,4544,286
67,vec,5814,25721,736
67,slice,1844,30621,266
68,iter,47470,537987,2779
68,core,3970,10814,399
68,cmp,4517,15594,632
68,any,2975,3836,269
68,clone,2308,2603,226
68,num,2137,2333,169
68,hash,507,1444,146
68,string,12204,175238,1512
68,bytes,6615,33122,745
68,collections,1337,2242,246
68,collections::hash_map,11137,133127,874
68,collections::hash_set,9839,212915,780
68,collections::vec_deque,6676,67130,755
68,char,2469,9256,294
68,f64,10072,32494,964
68,tuple,3700,17881,422
68,fmt,5090,7498,422
68,future,1530,4196,246
68,i64,12300,59179,871
68,u64,5788,26046,651
68,io,3156,4745,409
68,macros,184,630,136
68,macros::builtin,1256,2321,171
68,mem,2224,7995,321
68,object,7910,104258,903
68,ops,43549,538247,4104
68,ops::generator,5234,45208,601
68,option,8182,102965,877
68,result,4803,21265,595
68,stream,1755,4156,274
68,test,1985,4433,252
68,vec,6166,27031,679
68,slice,1851,30090,262
69,iter,46577,536717,2897
69,core,3962,10732,407
69,cmp,5786,15851,693
69,any,1817,3811,272
69,clone,2243,2652,236
69,num,3267,2274,187
69,hash,545,1557,145
69,string,13267,176457,1546
69,bytes,6638,33648,762
69,collections,1421,2293,270
69,collections::hash_map,11122,134952,875
69,collections::hash_set,9671,235092,908
69,collections::vec_deque,7366,67616,889
69,char,2542,9471,319
69,f64,10129,32583,936
69,tuple,3904,18017,457
69,fmt,5295,6307,330
69,future,944,2719,195
69,i64,8906,61623,910
69,u64,6282,24915,621
69,io,3189,4611,357
69,macros,186,649,150
69,macros::builtin,1257,2457,180
69,mem,2100,7945,321
69,object,7655,106062,949
69,ops,42658,546240,4128
69,ops::generator,5156,45840,613
69,option,8054,107308,1148
69,result,6415,23777,617
69,stream,1684,4101,251
69,test,2061,4443,258
69,vec,6494,25796,678
69,slice,1955,30930,294
70,iter,45864,537083,2989
70,core,3992,10788,381
70,cmp,4846,15829,631
70,any,2921,3824,290
70,clone,1115,2556,199
70,num,1992,2170,174
70,hash,513,1405,136
70,string,12058,175754,1523
70,bytes,6342,33677,771
70,collections,1319,2239,269
70,collections::hash_map,9052,134410,877
70,collections::hash_set,9893,211968,811
70,collections::vec_deque,6806,67473,943
70,char,2378,9464,316
70,f64,10263,31813,1017
70,tuple,3682,17906,440
70,fmt,5204,6434,319
70,future,908,2707,186
70,i64,8348,60382,812
70,u64,5737,24843,647
70,io,3125,4567,376
70,macros,178,593,124
70,macros::builtin,1237,2395,166
70,mem,2092,7894,322
70,object,9180,105681,916
70,ops,42056,538631,4094
70,ops::generator,5253,45163,556
70,option,8045,104700,840
70,result,4610,21161,597
70,stream,1767,4030,287
70,test,2011,4479,246
70,vec,6202,25198,738
70,slice,1956,30346,262
72,iter,43832,537515,2987
72,core,4185,10753,427
72,cmp,4665,15605,679
72,any,1700,3776,318
72,clone,2240,2636,222
72,num,2765,2308,158
72,hash,519,1505,155
72,string,12859,174077,1480
72,bytes,6345,35014,740
72,collections,1387,2155,240
72,collections::hash_map,9619,132453,769
72,collections::hash_set,9586,210140,1064
72,collections::vec_deque,11685,66896,876
72,char,2384,9298,324
72,f64,10285,34395,937
72,tuple,3726,17524,468
72,fmt,4934,6365,326
72,future,935,2694,217
72,i64,8676,61656,875
72,u64,6039,24841,600
72,io,3155,4509,335
72,macros,153,626,137
72,macros::builtin,1223,2410,172
72,mem,2143,8082,319
72,object,8123,105318,923
72,ops,44422,537266,7436
72,ops::generator,5321,45262,664
72,option,8370,105436,840
72,result,4776,21450,604
72,stream,1723,4051,240
72,test,2035,4563,284
72,vec,5985,25385,682
72,slice,2101,30591,287
73,iter,49029,552269,2985
73,core,3979,10775,364
73,cmp,4582,15808,590
73,any,2996,3791,291
73,clone,2231,2671,210
73,num,2101,2256,158
73,hash,527,1421,152
73,string,12970,176437,1474
73,bytes,6902,33447,699
73,collections,1321,2131,266
73,collections::hash_map,11205,133967,904
73,collections::hash_set,9658,209390,877
73,collections::vec_deque,6723,71801,867
73,char,2333,9236,283
73,f64,10223,32232,988
73,tuple,3848,17464,427
73,fmt,5106,6418,355
73,future,965,2627,188
73,i64,10208,61885,754
73,u64,5863,24850,601
73,io,3108,4618,388
73,macros,174,645,128
73,macros::builtin,1196,2298,184
73,mem,2112,7994,313
73,object,7736,104860,951
73,ops,43375,540565,4252
73,ops::generator,5344,51243,583
73,option,7596,107513,894
73,result,4935,26129,618
73,stream,1728,4158,263
73,test,2115,4389,259
73,vec,5938,25211,696
73,slice,1834,30794,265
77,iter,45694,528372,2947
77,core,4008,10794,393
77,cmp,4619,17228,625
77,any,3156,3838,308
77,clone,1130,2635,216
77,num,1981,2306,185
77,hash,555,1388,148
77,string,12420,175421,1564
77,bytes,6336,38224,844
77,collections,1357,2245,277
77,collections::hash_map,11451,132757,793
77,collections::hash_set,9910,208540,924
77,collections::vec_deque,6909,67271,900
77,char,2129,9531,318
77,f64,9713,34040,965
77,tuple,3633,17741,411
77,fmt,5311,6290,347
77,future,949,2652,206
77,i64,8351,61710,843
77,u64,5792,24478,639
77,io,3152,4528,366
77,macros,172,583,134
77,macros::builtin,1268,2342,162
77,mem,2105,7901,314
77,object,8269,103729,940
77,ops,42424,541171,4195
77,ops::generator,5182,46043,590
77,option,7675,105217,936
77,result,4726,21685,588
77,stream,1745,4048,289
77,test,1956,4376,275
77,vec,5822,25055,713
77,slice,1856,30445,312
79,iter,46170,535725,2901
79,core,4036,10760,500
79,cmp,4693,15946,650
79,any,3138,3807,315
79,clone,2311,2687,253
79,num,2103,2309,196
79,hash,545,1500,175
79,string,12649,175846,1427
79,bytes,6543,40320,798
79,collections,1413,2326,269
79,collections::hash_map,10952,134894,834
79,collections::hash_set,9661,210178,877
79,collections::vec_deque,6697,67421,875
79,char,2238,9315,294
79,f64,9988,32368,922
79,tuple,3722,17897,436
79,fmt,5096,6435,360
79,future,938,2625,207
79,i64,8335,60500,810
79,u64,5809,24775,594
79,io,3228,4517,358
79,macros,162,621,166
79,macros::builtin,1227,2412,162
79,mem,2087,7850,334
79,object,7578,105679,954
79,ops,42857,544384,4193
79,ops::generator,5687,45674,605
79,option,8010,103190,840
79,result,4622,21909,632
79,stream,1713,4062,249
79,test,2032,4621,293
79,vec,5950,25088,716
79,slice,1906,30575,255
80,iter,46742,526722,2975
80,core,4049,10737,389
80,cmp,4503,15982,616
80,any,2932,3783,259
80,clone,3071,2523,199
80,num,1964,2326,178
80,hash,536,1445,134
80,string,12228,176286,1478
80,bytes,6408,33230,829
80,collections,1443,2179,243
80,collections::hash_map,10936,138907,770
80,collections::hash_set,9967,209391,764
80,collections::vec_deque,6642,67049,863
80,char,2179,9427,303
80,f64,9863,32388,1022
80,tuple,3802,17995,443
80,fmt,5278,6511,364
80,future,922,2677,188
80,i64,8937,61277,839
80,u64,5965,24730,652
80,io,3087,4528,345
80,macros,149,645,133
80,macros::builtin,1239,2402,173
80,mem,2134,8116,311
80,object,7910,105570,960
80,ops,42644,541702,4323
80,ops::generator,5187,45241,564
80,option,8325,104858,849
80,result,5102,21440,637
80,stream,1716,4053,291
80,test,1973,4469,252
80,vec,6353,25161,650
80,slice,1873,30667,265
81,iter,45516,528666,2797
81,core,3984,10819,419
81,cmp,4392,15866,630
81,any,1669,3762,264
81,clone,2300,2640,225
81,num,2722,2379,193
81,hash,515,1465,153
81,string,12704,174784,1402
81,bytes,6440,33092,706
81,collections,1317,2211,269
81,collections::hash_map,9221,138310,812
81,collections::hash_set,11022,207879,844
81,collections::vec_deque,6655,69573,911
81,char,2587,9387,312
81,f64,9782,32591,925
81,tuple,3742,17755,456
81,fmt,4761,6250,325
81,future,934,2657,186
81,i64,8363,60444,818
81,u64,6387,24252,610
81,io,3220,4635,337
81,macros,185,634,153
81,macros::builtin,1290,2484,171
81,mem,2080,7866,306
81,object,7726,104105,954
81,ops,43898,547999,4126
81,ops::generator,5441,46139,592
81,option,8095,104134,888
81,result,4765,21189,626
81,stream,1740,4173,262
81,test,2069,4542,248
81,vec,5765,25282,682
81,slice,1862,30653,272
82,iter,52886,526197,3067
82,core,3924,10718,505
82,cmp,4536,15736,673
82,any,2976,3879,283
82,clone,2178,2612,213
82,num,2043,2211,188
82,hash,541,1468,164
82,string,12482,174280,1596
82,bytes,6539,35188,835
82,collections,1329,2198,279
82,collections::hash_map,10914,137054,823
82,collections::hash_set,11416,208688,807
82,collections::vec_deque,6722,67943,863
82,char,2294,9337,313
82,f64,9678,34155,966
82,tuple,3810,17604,481
82,fmt,4811,6210,340
82,future,934,2700,204
82,i64,8722,62045,876
82,u64,6165,24989,681
82,io,3088,4406,373
82,macros,148,611,126
82,macros::builtin,2323,2378,173
82,mem,2146,8137,320
82,object,7840,104406,892
82,ops,44700,544727,3950
82,ops::generator,5179,45966,584
82,option,8020,104602,900
82,result,5158,21482,645
82,stream,1742,4184,300
82,test,2001,4510,299
82,vec,5981,25039,678
82,slice,1817,30284,297
86,iter,46797,529102,2943
86,core,4282,11027,388
86,cmp,4827,16153,561
86,any,3292,3808,261
86,clone,1105,2474,200
86,num,2032,2231,178
86,hash,813,1427,145
86,string,13053,174874,1412
86,bytes,7091,34279,807
86,collections,1335,2130,276
86,collections::hash_map,11408,137903,794
86,collections::hash_set,10088,208997,856
86,collections::vec_deque,6729,67056,842
86,char,2587,9315,282
86,f64,10197,32469,937
86,tuple,4140,17879,428
86,fmt,5457,6454,346
86,future,960,2587,205
86,i64,8778,61609,835
86,u64,6176,24831,610
86,io,3193,4505,326
86,macros,163,583,132
86,macros::builtin,2528,2803,210
86,mem,2331,8080,298
86,object,8652,103503,978
86,ops,47639,547922,4089
86,ops::generator,5260,45386,591
86,option,7907,104263,904
86,result,5086,21230,611
86,stream,1720,4037,247
86,test,2043,4435,291
86,vec,5660,25143,732
86,slice,1883,30348,278
87,iter,53363,529289,3027
87,core,4147,10867,469
87,cmp,4766,15898,768
87,any,2982,3859,317
87,clone,1212,2634,224
87,num,1865,2343,168
87,hash,545,1451,134
87,string,12788,175834,1571
87,bytes,6682,32930,710
87,collections,1340,2329,238
87,collections::hash_map,11227,136897,781
87,collections::hash_set,11513,208334,965
87,collections::vec_deque,7424,67008,782
87,char,2374,9262,302
87,f64,11816,32240,967
87,tuple,3983,17517,478
87,fmt,5219,6295,342
87,future,928,2672,203
87,i64,8919,60417,897
87,u64,6208,24399,624
87,io,3293,4671,388
87,macros,182,600,143
87,macros::builtin,1243,2426,196
87,mem,2215,7853,333
87,object,8282,103624,969
87,ops,44392,545437,4231
87,ops::generator,6961,46129,602
87,option,8179,104979,893
87,result,5104,21275,602
87,stream,1683,4093,309
87,test,2063,4463,272
87,vec,5948,25560,645
87,slice,1953,30217,297
88,iter,51756,526891,3035
88,core,3940,10650,467
88,cmp,4497,15704,682
88,any,2975,3893,270
88,clone,1167,2471,227
88,num,1931,2245,184
88,hash,535,1487,136
88,string,11977,176374,1543
88,bytes,6531,33869,765
88,collections,1450,2164,265
88,collections::hash_map,9411,134784,827
88,collections::hash_set,10007,212186,867
88,collections::vec_deque,7227,67682,917
88,char,2245,9321,354
88,f64,9856,34016,966
88,tuple,3809,17876,447
88,fmt,5220,6390,364
88,future,926,2772,208
88,i64,8487,61424,866
88,u64,5929,24516,620
88,io,3034,4541,399
88,macros,182,637,132
88,macros::builtin,1275,2322,181
88,mem,2073,8139,333
88,object,7599,105381,975
88,ops,43335,546919,4145
88,ops::generator,5202,45464,583
88,option,8033,104468,1006
88,result,4831,21238,648
88,stream,1751,4075,284
88,test,1956,4337,253
88,vec,5718,24938,738
88,slice,1879,30398,322
90,iter,46445,535360,3026
90,core,3953,10577,407
90,cmp,4641,15835,620
90,any,2960,3776,293
90,clone,1175,2643,235
90,num,2008,2128,193
90,hash,517,1443,158
90,string,12681,175524,1541
90,bytes,6830,33944,754
90,collections,1460,2154,271
90,collections::hash_map,9878,134591,904
90,collections::hash_set,9623,212724,896
90,collections::vec_deque,7516,67258,848
90,char,2351,9366,303
90,f64,10132,32576,954
90,tuple,5079,17842,475
90,fmt,5170,6486,311
90,future,903,2559,191
90,i64,8540,62330,784
90,u64,6275,24707,599
90,io,3104,4558,349
90,macros,191,649,157
90,macros::builtin,1239,2376,195
90,mem,2253,8079,300
90,object,8118,105824,954
90,ops,44178,544254,4008
90,ops::generator,5528,47092,562
90,option,8391,103047,871
90,result,5173,21367,583
90,stream,1709,4069,221
90,test,2095,4485,239
90,vec,5864,24959,654
90,slice,1942,30457,245
92,iter,47159,547083,2976
92,core,4156,11069,377
92,cmp,4718,16045,639
92,any,2911,4008,301
92,clone,1164,2677,214
92,num,2225,2371,187
92,hash,526,1525,128
92,string,12523,180421,1487
92,bytes,6367,34330,790
92,collections,1513,2289,277
92,collections::hash_map,11163,136341,877
92,collections::hash_set,11519,211946,852
92,collections::vec_deque,6732,72008,860
92,char,2321,9816,300
92,f64,11860,32947,1010
92,tuple,4049,18188,473
92,fmt,5176,6574,352
92,future,927,2686,204
92,i64,8657,62636,873
92,u64,5975,25885,635
92,io,3317,4621,349
92,macros,194,661,132
92,macros::builtin,1316,2318,166
92,mem,2143,8049,270
92,object,8381,106546,1014
92,ops,45135,543070,6850
92,ops::generator,8528,50422,606
92,option,8176,106329,935
92,result,4885,21801,590
92,stream,1772,4215,273
92,test,2153,4660,287
92,vec,5827,26040,734
92,slice,1921,31364,286
96,iter,45141,531036,2923
96,core,4026,10750,440
96,cmp,5693,16009,678
96,any,2902,3853,325
96,clone,1168,2545,237
96,num,2005,2321,178
96,hash,549,1401,175
96,string,12227,182762,1529
96,bytes,6468,33219,736
96,collections,1387,2249,274
96,collections::hash_map,9124,133890,848
96,collections::hash_set,9835,205900,845
96,collections::vec_deque,7262,69160,820
96,char,2157,9368,308
96,f64,9678,32040,939
96,tuple,3828,17252,449
96,fmt,5064,6281,326
96,future,938,2604,201
96,i64,8289,60236,788
96,u64,5693,24407,654
96,io,3148,4443,395
96,macros,166,598,125
96,macros::builtin,1157,2364,157
96,mem,2159,7945,327
96,object,7553,103439,885
96,ops,44718,542655,4107
96,ops::generator,5534,45917,575
96,option,8311,104165,909
96,result,4830,21427,635
96,stream,1789,4030,298
96,test,2134,4592,299
96,vec,5926,25317,640
96,slice,1996,30679,310
97,iter,46506,529606,3070
97,core,3848,10868,385
97,cmp,4599,16046,625
97,any,2846,3819,289
97,clone,2090,2625,225
97,num,1800,2246,193
97,hash,532,1431,145
97,string,12404,179128,1525
97,bytes,6569,34725,755
97,collections,1442,2292,247
97,collections::hash_map,9807,132273,820
97,collections::hash_set,9700,207893,873
97,collections::vec_deque,7149,67084,904
97,char,2352,9398,298
97,f64,9636,34192,896
97,tuple,3746,17883,452
97,fmt,5011,6367,355
97,future,939,2697,196
97,i64,8898,61418,861
97,u64,5792,24743,641
97,io,3129,4572,358
97,macros,157,622,136
97,macros::builtin,1268,2466,186
97,mem,2178,7897,315
97,object,7963,103798,984
97,ops,45285,538782,4076
97,ops::generator,5254,45192,608
97,option,7901,105389,867
97,result,4797,21198,620
97,stream,1656,4133,273
97,test,1999,4534,279
97,vec,5888,26339,702
97,slice,1864,30520,270
98,iter,47755,528384,2944
98,core,3951,11639,433
98,cmp,4675,15557,659
98,any,1694,3698,306
98,clone,2289,2567,257
98,num,2869,2237,210
98,hash,548,1496,150
98,string,12130,175709,1525
98,bytes,6504,37985,742
98,collections,1350,2288,282
98,collections::hash_map,9706,134179,810
98,collections::hash_set,12415,208078,808
98,collections::vec_deque,7132,67185,885
98,char,2333,9380,302
98,f64,10126,32781,958
98,tuple,3858,19407,455
98,fmt,4720,6463,327
98,future,915,2631,213
98,i64,8598,61591,835
98,u64,6003,25094,644
98,io,3155,4587,327
98,macros,159,599,146
98,macros::builtin,1240,2359,180
98,mem,2133,8318,312
98,object,7908,105013,919
98,ops,43119,541773,4342
98,ops::generator,5265,45915,637
98,option,8298,105576,876
98,result,4886,21468,605
98,stream,1757,3990,272
98,test,2057,4567,272
98,vec,5808,25231,660
98,slice,1899,30460,280
100,iter,44348,527004,3008
100,core,3976,10493,429
100,cmp,4599,15665,641
100,any,1705,3772,313
100,clone,1114,2566,208
100,num,1897,2394,163
100,hash,500,1417,151
100,string,12534,175928,1534
100,bytes,6486,33305,782
100,collections,1434,2135,279
100,collections::hash_map,9463,138425,793
100,collections::hash_set,10094,208603,940
100,collections::vec_deque,7082,67810,890
100,char,2466,9452,318
100,f64,10174,32410,979
100,tuple,3915,17856,437
100,fmt,5083,6644,362
100,future,933,2687,198
100,i64,8708,62056,831
100,u64,6174,25352,656
100,io,3161,4789,374
100,macros,186,622,131
100,macros::builtin,1252,2368,179
100,mem,2115,8114,302
100,object,8034,105742,963
100,ops,42823,542721,4130
100,ops::generator,5630,47619,606
100,option,8280,102957,883
100,result,5210,21460,611
100,stream,1749,4082,276
100,test,2009,4530,276
100,vec,6359,25552,739
100,slice,1986,30733,300
102,iter,58219,526619,2885
102,core,3775,10567,403
102,cmp,4394,16145,621
102,any,2878,3963,255
102,clone,2214,2603,212
102,num,2039,2303,190
102,hash,555,1520,156
102,string,12273,176077,1487
102,bytes,6548,33750,723
102,collections,1336,2240,279
102,collections::hash_map,11250,133179,836
102,collections::hash_set,15939,211655,927
102,collections::vec_deque,7465,67678,823
102,char,2387,9269,326
102,f64,11814,32535,948
102,tuple,3737,17610,444
102,fmt,5349,6510,352
102,future,934,2775,209
102,i64,8551,60953,811
102,u64,5837,24581,635
102,io,3206,4608,386
102,macros,186,657,162
102,macros::builtin,1231,2296,196
102,mem,2211,8030,286
102,object,8105,104440,963
102,ops,45003,558884,4087
102,ops::generator,5517,46077,591
102,option,7998,105858,819
102,result,4805,21179,581
102,stream,1759,4105,229
102,test,2046,4476,255
102,vec,5955,25120,722
102,slice,1892,30756,260
105,iter,45687,532328,2931
105,core,3961,10743,415
105,cmp,4560,15768,617
105,any,2913,3962,296
105,clone,1165,2738,240
105,num,2045,2333,201
105,hash,578,1436,166
105,string,12812,175309,1474
105,bytes,6231,33693,746
105,collections,1398,2162,277
105,collections::hash_map,9208,134916,809
105,collections::hash_set,9809,212044,823
105,collections::vec_deque,7008,67115,770
105,char,2440,9490,318
105,f64,10454,32288,1028
105,tuple,3819,18106,497
105,fmt,5239,6295,367
105,future,903,2617,206
105,i64,9050,61532,868
105,u64,5849,25042,677
105,io,3111,4535,374
105,macros,184,602,114
105,macros::builtin,1254,2360,167
105,mem,2063,7937,341
105,object,8274,105774,1010
105,ops,44283,542367,4053
105,ops::generator,5608,47530,594
105,option,8244,103308,922
105,result,4926,21310,568
105,stream,1730,4073,267
105,test,2070,4667,244
105,vec,6253,24962,651
105,slice,1836,30614,295
106,iter,46747,536327,3002
106,core,4030,10871,436
106,cmp,4553,15797,682
106,any,2981,3912,299
106,clone,2158,2622,224
106,num,2016,2307,190
106,hash,536,1452,140
106,string,12186,175528,1468
106,bytes,6132,33413,722
106,collections,1338,2178,253
106,collections::hash_map,10796,134385,910
106,collections::hash_set,10024,208426,896
106,collections::vec_deque,7457,70756,865
106,char,2275,9317,294
106,f64,9648,32426,980
106,tuple,4027,18050,459
106,fmt,5165,6241,335
106,future,933,2661,209
106,i64,8506,61549,873
106,u64,5882,24458,661
106,io,3121,4567,349
106,macros,184,597,145
106,macros::builtin,1253,2318,187
106,mem,2100,7961,303
106,object,7731,104674,994
106,ops,44351,538410,4292
106,ops::generator,5232,54552,619
106,option,7562,104318,849
106,result,4814,21206,621
106,stream,1708,4046,265
106,test,2122,4604,251
106,vec,6029,25666,678
106,slice,1892,30610,262
107,iter,46954,533471,2892
107,core,3951,10791,350
107,cmp,4582,15547,579
107,any,2916,3738,271
107,clone,1132,2617,195
107,num,2142,2288,167
107,hash,578,1422,132
107,string,12879,175698,1487
107,bytes,6671,33727,721
107,collections,1378,2215,276
107,collections::hash_map,9431,134860,787
107,collections::hash_set,10989,207573,797
107,collections::vec_deque,7354,68295,785
107,char,2355,9376,291
107,f64,9917,35175,934
107,tuple,3867,17807,456
107,fmt,5084,6403,333
107,future,954,2712,189
107,i64,8793,61450,850
107,u64,5741,24977,646
107,io,3104,4571,374
107,macros,200,615,128
107,macros::builtin,1279,2279,192
107,mem,2095,8059,314
107,object,8000,103670,933
107,ops,44486,538213,4104
107,ops::generator,5337,45765,517
107,option,8262,112893,857
107,result,4978,21829,643
107,stream,1732,4158,253
107,test,2038,4781,304
107,vec,6010,25682,618
107,slice,1861,30627,290
112,iter,49612,528542,2812
112,core,4278,10830,412
112,cmp,4520,15882,623
112,any,1775,3786,271
112,clone,2221,2580,215
112,num,3063,2318,165
112,hash,538,1384,149
112,string,12030,175403,1515
112,bytes,6704,33223,816
112,collections,1526,2223,245
112,collections::hash_map,9367,136676,868
112,collections::hash_set,11919,207261,822
112,collections::vec_deque,6702,67299,816
112,char,2449,9307,288
112,f64,11512,32849,1011
112,tuple,3850,17876,443
112,fmt,4904,6313,336
112,future,974,2675,199
112,i64,8977,61605,863
112,u64,6104,24744,662
112,io,3112,4471,332
112,macros,170,617,138
112,macros::builtin,1272,2264,178
112,mem,2161,7844,306
112,object,8192,105213,956
112,ops,44071,552292,4037
112,ops::generator,5332,46006,533
112,option,8294,104960,874
112,result,5035,21269,641
112,stream,1803,4230,266
112,test,2059,4596,299
112,vec,6039,25367,668
112,slice,1832,30291,268
115,iter,45640,538336,2889
115,core,3957,10870,432
115,cmp,4737,15662,671
115,any,1820,3813,276
115,clone,2252,2633,233
115,num,3184,2328,186
115,hash,549,1452,139
115,string,12539,175625,1428
115,bytes,6697,34145,813
115,collections,1367,2241,260
115,collections::hash_map,11125,134198,911
115,collections::hash_set,9952,212990,850
115,collections::vec_deque,7371,68468,881
115,char,2245,9226,288
115,f64,9872,32635,970
115,tuple,3720,17640,418
115,fmt,4994,6548,308
115,future,1005,2616,181
115,i64,8693,60974,791
115,u64,5984,24728,666
115,io,3142,4482,342
115,macros,208,601,166
115,macros::builtin,1255,2570,174
115,mem,2123,7966,278
115,object,7658,105804,941
115,ops,43218,538492,3898
115,ops::generator,5304,47124,581
115,option,7883,103603,919
115,result,4850,21449,592
115,stream,1696,4134,241
115,test,2000,4682,264
115,vec,5962,25474,695
115,slice,1992,30348,229
116,iter,44049,538711,2767
116,core,3914,10948,366
116,cmp,4560,15821,593
116,any,1725,3807,287
116,clone,2491,2663,211
116,num,1910,2259,180
116,hash,535,1463,155
116,string,12407,174664,1541
116,bytes,6471,33582,715
116,collections,1373,2284,244
116,collections::hash_map,9747,134832,832
116,collections::hash_set,9994,239012,836
116,collections::vec_deque,6885,67106,842
116,char,2178,9211,296
116,f64,10266,32317,1016
116,tuple,3731,17825,470
116,fmt,4868,6229,332
116,future,943,2618,194
116,i64,8876,60791,788
116,u64,6281,24696,597
116,io,3085,4610,334
116,macros,178,640,154
116,macros::builtin,1312,2372,172
116,mem,2105,8145,309
116,object,7576,104034,930
116,ops,44557,537925,4017
116,ops::generator,5325,45327,561
116,option,7950,104280,858
116,result,4874,21422,597
116,stream,1729,4091,252
116,test,1978,4479,314
116,vec,6403,25249,720
116,slice,1903,30450,272
126,iter,46652,528867,2950
126,core,3926,10932,401
126,cmp,4610,15849,605
126,any,1773,3915,320
126,clone,2257,2686,207
126,num,2677,2355,194
126,hash,513,1442,160
126,string,12136,175933,1497
126,bytes,6662,33592,714
126,collections,1359,2229,285
126,collections::hash_map,9085,161486,823
126,collections::hash_set,11800,208648,811
126,collections::vec_deque,6739,69058,864
126,char,2452,9421,318
126,f64,9764,32192,943
126,tuple,3697,17813,429
126,fmt,4728,6379,321
126,future,935,2669,212
126,i64,9052,60608,824
126,u64,5879,24783,687
126,io,3118,4648,370
126,macros,182,641,144
126,macros::builtin,1285,2429,196
126,mem,2115,8057,313
126,object,8144,103300,906
126,ops,44474,535290,3984
126,ops::generator,5225,45312,596
126,option,7811,103929,877
126,result,5086,21533,610
126,stream,1725,4097,246
126,test,2216,4498,229
126,vec,6249,25082,677
126,slice,1899,30413,306
127,iter,48495,527124,2980
127,core,3916,10647,419
127,cmp,4539,15852,631
127,any,2944,3893,298
127,clone,2326,2549,216
127,num,2029,2310,192
127,hash,528,1406,160
127,string,12303,174847,1453
127,bytes,6756,34552,705
127,collections,1383,2189,243
127,collections::hash_map,11001,137339,828
127,collections::hash_set,10138,208282,792
127,collections::vec_deque,7283,66989,842
127,char,2216,9378,308
127,f64,9853,33929,949
127,tuple,3878,17505,448
127,fmt,4993,6191,333
127,future,928,2692,215
127,i64,8346,60135,787
127,u64,5854,24491,604
127,io,3080,4473,375
127,macros,150,620,129
127,macros::builtin,1225,2294,197
127,mem,2184,7871,299
127,object,7625,103370,903
127,ops,44762,535331,4205
127,ops::generator,5443,45784,630
127,option,8405,104893,985
127,result,4920,21340,630
127,stream,1718,4035,267
127,test,1977,4642,284
127,vec,6344,25028,688
127,slice,1907,30404,299
128,iter,55444,528390,2993
128,core,3966,10826,450
128,cmp,4679,15798,604
128,any,3073,3913,289
128,clone,2269,2599,230
128,num,2093,2203,194
128,hash,561,1427,165
128,string,12052,176340,1492
128,bytes,7153,44595,755
128,collections,1370,2286,229
128,collections::hash_map,11070,161961,799
128,collections::hash_set,9954,209484,839
128,collections::vec_deque,7230,67805,776
128,char,2388,9472,316
128,f64,9937,33041,890
128,tuple,3612,17684,484
128,fmt,5190,6385,350
128,future,931,2583,197
128,i64,10460,60586,831
128,u64,5857,24533,664
128,io,3376,4439,388
128,macros,190,622,145
128,macros::builtin,1308,2320,189
128,mem,2107,8029,316
128,object,7714,103633,952
128,ops,43163,543436,4067
128,ops::generator,5386,45977,572
128,option,8205,103143,902
128,result,5105,23164,605
128,stream,1667,4087,280
128,test,2052,4472,303
128,vec,5964,25027,782
128,slice,1937,30156,309
130,iter,50420,536957,2897
130,core,3982,10715,415
130,cmp,4767,15943,678
130,any,1711,3798,294
130,clone,2170,2638,216
130,num,1823,2245,211
130,hash,535,1468,119
130,string,12276,175611,1556
130,bytes,6764,33974,712
130,collections,1303,2211,243
130,collections::hash_map,9619,133765,862
130,collections::hash_set,9867,236750,929
130,collections::vec_deque,7322,67093,802
130,char,2255,9622,321
130,f64,10106,32613,978
130,tuple,3906,17514,488
130,fmt,5107,6339,354
130,future,921,2693,218
130,i64,8774,60915,881
130,u64,5761,24563,641
130,io,3205,4457,385
130,macros,191,624,149
130,macros::builtin,1252,2391,159
130,mem,2085,7962,355
130,object,9247,105602,887
130,ops,41859,539064,4093
130,ops::generator,5358,45390,588
130,option,8206,104801,886
130,result,5196,21676,616
130,stream,1688,3976,273
130,test,1990,4481,289
130,vec,6048,25060,726
130,slice,1856,30216,284
133,iter,46979,534454,2816
133,core,3993,10843,368
133,cmp,4720,15860,616
133,any,1708,3749,296
133,clone,2264,2571,239
133,num,1856,2236,202
133,hash,518,1384,134
133,string,12276,175452,1515
133,bytes,5966,33580,764
133,collections,1353,2180,241
133,collections::hash_map,9386,133367,865
133,collections::hash_set,9379,209954,914
133,collections::vec_deque,6834,73076,891
133,char,2218,9134,329
133,f64,9964,32632,979
133,tuple,3701,18083,465
133,fmt,4971,6502,310
133,future,944,2608,206
133,i64,10209,60435,818
133,u64,6090,24816,614
133,io,3106,4568,356
133,macros,219,635,144
133,macros::builtin,1288,2437,179
133,mem,2098,7936,283
133,object,7601,104316,1014
133,ops,42525,532147,4093
133,ops::generator,5098,48476,580
133,option,8287,103097,869
133,result,5026,22717,614
133,stream,1680,3989,247
133,test,2080,4455,277
133,vec,6218,25019,696
133,slice,1899,30636,297
136,iter,52371,530541,2970
136,core,4075,10758,468
136,cmp,4541,15608,699
136,any,2924,3747,311
136,clone,1100,2609,234
136,num,1873,2170,212
136,hash,534,1435,177
136,string,13005,174278,1610
136,bytes,6526,33466,753
136,collections,1312,2232,291
136,collections::hash_map,9414,134104,838
136,collections::hash_set,9740,233799,854
136,collections::vec_deque,7025,68810,848
136,char,2227,9572,325
136,f64,9838,32407,994
136,tuple,5102,17630,468
136,fmt,5097,6469,325
136,future,946,2648,224
136,i64,8453,60773,825
136,u64,5928,24746,643
136,io,3108,4575,369
136,macros,191,611,145
136,macros::builtin,1300,2356,182
136,mem,2207,8023,336
136,object,8228,103582,939
136,ops,44688,539713,4180
136,ops::generator,5600,45383,604
136,option,8072,105579,908
136,result,4831,20985,766
136,stream,2054,6392,353
136,test,3226,6855,368
136,vec,7942,26514,717
136,slice,1913,30596,296
137,iter,55774,538253,2803
137,core,4020,10703,380
137,cmp,4735,15974,597
137,any,2997,3885,282
137,clone,1194,2469,192
137,num,2219,2261,167
137,hash,568,1422,131
137,string,12176,172651,1511
137,bytes,6315,34838,720
137,collections,1388,2255,265
137,collections::hash_map,9321,131876,835
137,collections::hash_set,13101,210005,832
137,collections::vec_deque,6821,66718,852
137,char,2121,9277,277
137,f64,9656,34512,952
137,tuple,3883,17216,494
137,fmt,5257,6464,347
137,future,923,2681,183
137,i64,8516,60693,850
137,u64,6530,24949,625
137,io,3133,4562,332
137,macros,209,602,125
137,macros::builtin,1282,2322,165
137,mem,2061,8035,297
137,object,9383,104282,991
137,ops,44118,539616,4105
137,ops::generator,5426,45612,636
137,option,8170,104310,873
137,result,4661,21367,592
137,stream,1704,4210,250
137,test,2087,4416,283
137,vec,6330,25257,719
137,slice,1981,30710,285
144,iter,45387,541342,2987
144,core,3819,10862,454
144,cmp,4519,15903,669
144,any,1776,3836,282
144,clone,2254,2623,248
144,num,2791,2324,192
144,hash,545,1473,163
144,string,12995,176513,1554
144,bytes,6574,33340,760
144,collections,1314,2262,286
144,collections::hash_map,9950,133725,929
144,collections::hash_set,11530,208444,884
144,collections::vec_deque,6848,68988,846
144,char,2234,9215,295
144,f64,10045,32684,917
144,tuple,3868,17781,445
144,fmt,4834,6308,367
144,future,917,2645,206
144,i64,11713,62337,799
144,u64,5987,24724,639
144,io,3154,4509,336
144,macros,206,590,148
144,macros::builtin,1294,2253,181
144,mem,2127,8020,265
144,object,8113,104341,934
144,ops,44709,534540,4221
144,ops::generator,5248,45173,637
144,option,8094,105524,905
144,result,4898,36878,623
144,stream,1817,4176,298
144,test,2038,4615,313
144,vec,5763,25270,703
144,slice,1914,33850,353
149,iter,43509,529918,2969
149,core,4160,10634,460
149,cmp,4576,15793,611
149,any,1774,3719,294
149,clone,2261,2576,203
149,num,1889,2266,168
149,hash,578,1392,141
149,string,11982,175055,1428
149,bytes,6574,37683,810
149,collections,1416,2207,241
149,collections::hash_map,10575,134709,843
149,collections::hash_set,9979,208339,886
149,collections::vec_deque,7082,68856,951
149,char,2176,9212,331
149,f64,10076,33132,955
149,tuple,3830,17838,471
149,fmt,4730,6324,310
149,future,978,2751,204
149,i64,8558,62062,920
149,u64,5962,24480,675
149,io,3056,4555,381
149,macros,196,685,149
149,macros::builtin,1238,2510,173
149,mem,2115,8078,308
149,object,7786,104150,973
149,ops,44296,544244,4318
149,ops::generator,5235,46021,648
149,option,8189,105065,954
149,result,4847,21051,639
149,stream,1781,4162,273
149,test,2040,4464,288
149,vec,5859,25357,669
149,slice,1837,30597,280
150,iter,44302,527165,2915
150,core,3981,10681,377
150,cmp,4530,15973,574
150,any,1643,3780,285
150,clone,3160,2559,209
150,num,1906,2288,171
150,hash,540,1448,129
150,string,12609,179592,1533
150,bytes,6385,34777,779
150,collections,1371,2261,256
150,collections::hash_map,9296,133643,846
150,collections::hash_set,9859,209712,865
150,collections::vec_deque,6945,67009,826
150,char,2246,9278,311
150,f64,9646,33437,1005
150,tuple,3874,17823,443
150,fmt,4864,6369,319
150,future,906,2678,193
150,i64,8459,61404,891
150,u64,5750,24749,602
150,io,3174,4658,342
150,macros,196,632,148
150,macros::builtin,1259,2259,174
150,mem,2039,8030,309
150,object,7727,103172,982
150,ops,44392,536034,4086
150,ops::generator,5416,45447,553
150,option,7868,104769,898
150,result,5047,21520,584
150,stream,1683,4343,279
150,test,2023,4332,265
150,vec,5741,25161,665
150,slice,1914,31298,279
152,iter,45592,528232,2914
152,core,3928,10730,471
152,cmp,5903,15904,655
152,any,3009,3746,287
152,clone,1098,2678,222
152,num,1903,2269,210
152,hash,535,1415,173
152,string,12735,174909,5248
152,bytes,6707,33335,740
152,collections,1393,2231,278
152,collections::hash_map,9349,134220,822
152,collections::hash_set,9481,207857,976
152,collections::vec_deque,6666,66740,830
152,char,2103,9498,323
152,f64,9871,32443,964
152,tuple,3789,17453,487
152,fmt,5088,6432,381
152,future,939,2648,243
152,i64,8608,60540,854
152,u64,5891,24662,645
152,io,3085,4517,437
152,macros,187,610,140
152,macros::builtin,1210,2309,178
152,mem,2093,7941,340
152,object,7811,104812,934
152,ops,42464,540879,4219
152,ops::generator,5234,45206,659
152,option,7908,103111,929
152,result,4923,21618,625
152,stream,1798,4096,303
152,test,2063,4605,329
152,vec,5886,25726,738
152,slice,1857,30474,331
153,iter,46363,540176,2896
153,core,4065,10836,383
153,cmp,6276,15989,625
153,any,2889,3740,272
153,clone,1102,2585,221
153,num,2078,2411,178
153,hash,546,1527,137
153,string,12663,180327,1529
153,bytes,6519,34173,745
153,collections,1391,2102,263
153,collections::hash_map,9216,133866,782
153,collections::hash_set,9819,209134,874
153,collections::vec_deque,7087,66982,796
153,char,2247,9308,268
153,f64,9867,32101,932
153,tuple,3757,17831,418
153,fmt,5183,6233,329
153,future,947,2627,188
153,i64,8768,60266,821
153,u64,5868,24542,599
153,io,3154,4503,324
153,macros,207,616,155
153,macros::builtin,1227,2407,198
153,mem,2119,8072,312
153,object,8059,105774,971
153,ops,43003,539911,3994
153,ops::generator,5267,45354,587
153,option,7781,104858,902
153,result,4894,21167,619
153,stream,1689,4022,254
153,test,2181,4367,240
153,vec,6517,25123,698
153,slice,1810,30858,279
156,iter,47491,528056,3036
156,core,4110,10497,414
156,cmp,4425,15893,660
156,any,3137,3819,303
156,clone,1168,2577,237
156,num,1939,2266,214
156,hash,540,1426,181
156,string,12200,175180,1617
156,bytes,6471,33556,763
156,collections,1412,2239,291
156,collections::hash_map,11004,138510,871
156,collections::hash_set,9527,209613,862
156,collections::vec_deque,6665,67847,782
156,char,2256,9372,324
156,f64,9752,32827,983
156,tuple,3827,17835,441
156,fmt,4960,6389,324
156,future,952,2636,180
156,i64,10041,61567,840
156,u64,5759,24995,637
156,io,2985,4490,365
156,macros,151,612,152
156,macros::builtin,1229,2380,194
156,mem,2151,8097,330
156,object,7603,104192,912
156,ops,42737,542645,4188
156,ops::generator,5389,45547,620
156,option,8328,102831,909
156,result,5025,23212,632
156,stream,1727,4077,281
156,test,2040,4547,316
156,vec,5740,25456,716
156,slice,1882,30698,264
158,iter,49854,528145,3996
158,core,3916,10770,430
158,cmp,4741,15678,631
158,any,1701,3856,277
158,clone,2222,2499,216
158,num,2729,2308,186
158,hash,518,1457,161
158,string,12698,175998,1606
158,bytes,6412,33315,757
158,collections,1374,2314,271
158,collections::hash_map,9422,135370,898
158,collections::hash_set,9869,212562,937
158,collections::vec_deque,6890,67411,842
158,char,2272,9639,318
158,f64,9960,32726,1002
158,tuple,3830,17954,439
158,fmt,4995,6338,357
158,future,919,2726,218
158,i64,8378,61650,881
158,u64,5739,24745,667
158,io,3158,4525,360
158,macros,168,612,150
158,macros::builtin,1289,2318,183
158,mem,2178,7969,302
158,object,7871,105786,928
158,ops,42387,541624,4188
158,ops::generator,5093,45877,609
158,option,7921,105153,968
158,result,4894,21387,629
158,stream,1703,4081,287
158,test,1963,4447,277
158,vec,5877,25374,708
158,slice,1930,30608,295
159,iter,74047,529217,2890
159,core,4036,10573,398
159,cmp,4661,15842,618
159,any,3001,3836,304
159,clone,2323,2632,197
159,num,2128,2189,166
159,hash,567,1377,141
159,string,12769,175484,1534
159,bytes,6130,33542,785
159,collections,1364,2238,240
159,collections::hash_map,10714,134307,825
159,collections::hash_set,13026,207992,873
159,collections::vec_deque,6761,69244,781
159,char,2318,9269,295
159,f64,10114,32470,924
159,tuple,3652,17640,444
159,fmt,5032,6366,329
159,future,915,2609,193
159,i64,8471,59841,780
159,u64,5871,24089,668
159,io,3081,4581,363
159,macros,196,606,122
159,macros::builtin,1192,2279,181
159,mem,2101,7959,325
159,object,7583,103956,903
159,ops,44726,539067,3997
159,ops::generator,5485,45847,621
159,option,8362,104635,824
159,result,5061,21422,621
159,stream,1771,4125,258
159,test,2058,4495,260
159,vec,5646,25108,707
159,slice,2068,30696,272
161,iter,48405,555304,2878
161,core,3813,10670,392
161,cmp,4533,15877,621
161,any,2869,3798,289
161,clone,2232,2635,234
161,num,2026,2272,171
161,hash,573,1408,156
161,string,13151,176839,1527
161,bytes,6615,33743,855
161,collections,1366,2109,245
161,collections::hash_map,10809,133170,855
161,collections::hash_set,10107,213366,885
161,collections::vec_deque,7583,66850,836
161,char,2281,9187,271
161,f64,9861,32621,982
161,tuple,3714,19026,421
161,fmt,5249,6483,344
161,future,920,2695,187
161,i64,9098,61225,855
161,u64,6300,30809,903
161,io,4054,6803,452
161,macros,273,1279,162
161,macros::builtin,1522,2447,172
161,mem,2245,8166,288
161,object,7979,103648,931
161,ops,42703,550502,4047
161,ops::generator,5482,45226,542
161,option,8040,104659,899
161,result,5189,21417,545
161,stream,1737,4041,241
161,test,2082,4575,274
161,vec,5943,25149,714
161,slice,1895,30725,276
162,iter,49089,531091,2982
162,core,4021,10565,426
162,cmp,4764,15897,629
162,any,1728,3912,237
162,clone,2359,2637,246
162,num,3195,2349,175
162,hash,574,1440,158
162,string,12907,177092,1544
162,bytes,6407,33753,798
162,collections,1346,2319,273
162,collections::hash_map,11133,134543,808
162,collections::hash_set,9970,213848,850
162,collections::vec_deque,7613,67254,843
162,char,2382,9475,263
162,f64,10171,32445,897
162,tuple,3957,17914,463
162,fmt,5122,6387,335
162,future,999,2598,182
162,i64,8652,64640,886
162,u64,5835,24701,646
162,io,3221,4609,350
162,macros,173,636,155
162,macros::builtin,1226,2347,179
162,mem,2139,8059,303
162,object,9393,105243,966
162,ops,43435,546628,4128
162,ops::generator,5801,46417,604
162,option,8253,102777,935
162,result,5080,21664,618
162,stream,2293,4034,263
162,test,2428,4582,262
162,vec,6354,25578,771
162,slice,2291,30629,280
163,iter,53960,535674,3321
163,core,4553,11045,395
163,cmp,4855,15957,635
163,any,2118,3837,315
163,clone,2314,2576,243
163,num,2361,2203,204
163,hash,695,1486,142
163,string,13866,176094,1536
163,bytes,7313,33502,784
163,collections,1430,2162,267
163,collections::hash_map,12758,138327,750
163,collections::hash_set,11100,210211,843
163,collections::vec_deque,8117,67889,860
163,char,2220,9550,355
163,f64,11139,32657,1036
163,tuple,4431,17824,494
163,fmt,5765,6402,351
163,future,1033,2715,212
163,i64,9179,61436,832
163,u64,6634,25233,636
163,io,3662,4499,410
163,macros,173,626,146
163,macros::builtin,1541,2299,194
163,mem,2450,7931,357
163,object,9723,106063,948
163,ops,42638,547636,4275
163,ops::generator,5341,46984,641
163,option,7942,102821,857
163,result,4773,21382,602
163,stream,1654,4066,261
163,test,2066,4688,291
163,vec,5916,25161,749
163,slice,1921,30797,311
166,iter,47689,530981,2988
166,core,3917,10648,439
166,cmp,5825,15855,660
166,any,1716,3850,304
166,clone,2355,2582,247
166,num,2127,2280,201
166,hash,540,1425,157
166,string,12254,175288,1538
166,bytes,6680,33311,802
166,collections,1403,2218,237
166,collections::hash_map,11140,134570,777
166,collections::hash_set,9522,212477,944
166,collections::vec_deque,7145,66807,900
166,char,2319,9221,309
166,f64,10120,32668,943
166,tuple,3984,19154,487
166,fmt,4921,6307,338
166,future,974,2585,201
166,i64,8241,61760,823
166,u64,5854,24523,630
166,io,3113,4565,404
166,macros,172,612,141
166,macros::builtin,1223,2390,165
166,mem,2092,7843,310
166,object,8132,103797,992
166,ops,42502,546299,4073
166,ops::generator,5351,45428,596
166,option,8190,104809,873
166,result,5003,21365,630
166,stream,1743,4089,303
166,test,2011,4615,281
166,vec,5800,24992,681
166,slice,1863,30015,273
169,iter,45877,534730,2868
169,core,3975,10596,386
169,cmp,4740,15817,603
169,any,2837,3828,265
169,clone,2145,2636,188
169,num,1722,2213,178
169,hash,548,1429,127
169,string,12665,176045,1525
169,bytes,6384,33332,717
169,collections,1375,2238,244
169,collections::hash_map,10304,133892,900
169,collections::hash_set,9953,210528,902
169,collections::vec_deque,7396,69158,817
169,char,2148,9569,299
169,f64,9988,32608,951
169,tuple,3792,17493,458
169,fmt,5111,6373,337
169,future,944,2563,187
169,i64,8470,62038,812
169,u64,5669,24537,621
169,io,3097,4511,382
169,macros,152,590,120
169,macros::builtin,1204,2347,171
169,mem,2023,8139,322
169,object,8405,105251,968
169,ops,44627,544452,3995
169,ops::generator,5517,45446,576
169,option,8255,104432,899
169,result,4822,21210,599
169,stream,1826,4005,257
169,test,2040,4412,282
169,vec,5709,25017,677
169,slice,1923,30264,264
170,iter,45735,533426,3057
170,core,3852,10826,449
170,cmp,4478,15919,656
170,any,1710,3798,312
170,clone,2288,2543,243
170,num,2671,2407,189
170,hash,560,1477,177
170,string,12689,174518,1473
170,bytes,6693,35252,784
170,collections,1336,2272,297
170,collections::hash_map,9576,132900,785
170,collections::hash_set,11643,213640,837
170,collections::vec_deque,7547,67405,779
170,char,2289,9218,311
170,f64,9887,34366,959
170,tuple,3808,17852,464
170,fmt,4780,6301,337
170,future,972,2607,212
170,i64,8676,60993,831
170,u64,5795,24433,611
170,io,3127,4591,368
170,macros,189,680,122
170,macros::builtin,1220,2328,194
170,mem,2045,8121,299
170,object,9063,103950,959
170,ops,44481,536773,4991
170,ops::generator,6989,46286,621
170,option,8330,104829,898
170,result,5136,21200,585
170,stream,1760,4064,275
170,test,2078,4530,304
170,vec,5889,25175,697
170,slice,1826,31210,306
171,iter,47768,528889,2897
171,core,3914,10606,399
171,cmp,5785,15580,616
171,any,1652,3928,253
171,clone,2179,2593,218
171,num,2845,2284,177
171,hash,532,1448,152
171,string,13285,175225,1451
171,bytes,6907,33245,743
171,collections,1381,2250,250
171,collections::hash_map,9238,133801,800
171,collections::hash_set,11109,208820,809
171,collections::vec_deque,7351,71269,817
171,char,2338,9409,315
171,f64,9957,32779,945
171,tuple,4028,17709,419
171,fmt,4842,6376,316
171,future,908,2729,223
171,i64,8422,60461,865
171,u64,5809,24519,645
171,io,3117,4502,374
171,macros,181,635,157
171,macros::builtin,1209,2401,170
171,mem,2052,7965,331
171,object,7794,106640,916
171,ops,42344,536074,3923
171,ops::generator,5372,45074,574
171,option,13138,108257,906
171,result,5346,21387,568
171,stream,1810,4150,268
171,test,1970,4524,313
171,vec,6244,25598,690
171,slice,1866,30381,274
172,iter,43733,535492,2855
172,core,4147,10830,429
172,cmp,5760,15896,672
172,any,1711,3788,282
172,clone,2256,2584,254
172,num,2777,2212,172
172,hash,520,1449,176
172,string,13949,177512,1526
172,bytes,6846,33910,788
172,collections,1372,2305,283
172,collections::hash_map,9807,136151,799
172,collections::hash_set,10141,215478,900
172,collections::vec_deque,7407,68159,797
172,char,2396,9326,312
172,f64,10228,32794,971
172,tuple,3792,18107,429
172,fmt,4935,6318,336
172,future,961,2732,215
172,i64,8720,61885,882
172,u64,6329,24746,694
172,io,3155,4600,364
172,macros,204,614,132
172,macros::builtin,1219,2340,191
172,mem,2084,8066,327
172,object,8246,107065,984
172,ops,42852,547693,4131
172,ops::generator,5225,47562,582
172,option,7946,103614,819
172,result,5094,21481,569
172,stream,1731,4160,279
172,test,2037,4538,258
172,vec,5729,25425,727
172,slice,1896,30386,302
173,iter,46575,537261,4020
173,core,5128,11067,365
173,cmp,4686,16472,606
173,any,2821,3985,335
173,clone,2224,2536,221
173,num,2102,2358,162
173,hash,568,1479,145
173,string,12446,178677,1456
173,bytes,6170,34657,853
173,collections,1467,2180,254
173,collections::hash_map,10867,140567,850
173,collections::hash_set,9453,213839,915
173,collections::vec_deque,6582,68514,809
173,char,2320,9458,274
173,f64,10287,33694,921
173,tuple,3914,18176,501
173,fmt,5091,6406,364
173,future,994,2595,184
173,i64,8270,62729,832
173,u64,5864,25862,735
173,io,3251,4668,329
173,macros,167,708,154
173,macros::builtin,1215,2381,181
173,mem,2154,8205,308
173,object,8012,106857,965
173,ops,44285,549084,4227
173,ops::generator,5288,46715,601
173,option,7791,105984,870
173,result,4714,21922,634
173,stream,1729,4206,243
173,test,2007,4601,238
173,vec,5811,26214,659
173,slice,1813,31180,280
174,iter,45840,536213,3108
174,core,3967,10549,447
174,cmp,4559,15788,653
174,any,2938,3885,275
174,clone,1124,2451,216
174,num,2020,2192,187
174,hash,532,1457,144
174,string,12168,181029,1541
174,bytes,6193,34143,756
174,collections,1356,2108,278
174,collections::hash_map,9177,134745,795
174,collections::hash_set,10081,206974,809
174,collections::vec_deque,7135,67275,894
174,char,2132,9304,355
174,f64,11418,32654,979
174,tuple,3922,17797,417
174,fmt,5233,6449,361
174,future,951,2615,187
174,i64,8453,61697,846
174,u64,5897,24712,629
174,io,3149,4524,407
174,macros,197,613,152
174,macros::builtin,1246,2339,199
174,mem,2075,7922,339
174,object,7873,104408,988
174,ops,44245,546312,4035
174,ops::generator,5425,45265,596
174,option,8040,105021,905
174,result,5086,21370,593
174,stream,1733,4075,248
174,test,1976,4567,249
174,vec,6306,25011,718
174,slice,1844,30444,253
175,iter,44420,526206,2896
175,core,4016,10694,363
175,cmp,4708,17205,654
175,any,1705,3741,292
175,clone,2547,2683,215
175,num,1898,2253,180
175,hash,545,1452,142
175,string,12132,177674,1401
175,bytes,6353,33786,728
175,collections,1351,2332,209
175,collections::hash_map,11307,132220,833
175,collections::hash_set,9698,208959,760
175,collections::vec_deque,7225,67254,780
175,char,2131,9411,331
175,f64,9848,34131,917
175,tuple,3680,17388,469
175,fmt,4877,6371,331
175,future,976,2692,197
175,i64,8898,60064,837
175,u64,6020,24498,628
175,io,3156,4743,347
175,macros,184,657,169
175,macros::builtin,1278,2449,184
175,mem,2091,7921,323
175,object,8024,103007,806
175,ops,42818,545573,4091
175,ops::generator,5370,45267,541
175,option,8110,104611,874
175,result,4920,21690,626
175,stream,1708,4091,286
175,test,2014,4474,293
175,vec,5950,25483,709
175,slice,1879,30288,300
176,iter,45797,528281,2973
176,core,3902,10667,440
176,cmp,4529,15704,653
176,any,1761,3859,288
176,clone,1135,2664,211
176,num,1966,2240,185
176,hash,535,1399,151
176,string,12345,180345,1599
176,bytes,6609,33322,696
176,collections,1358,2233,254
176,collections::hash_map,9151,133236,809
176,collections::hash_set,9863,214967,845
176,collections::vec_deque,7224,71033,856
176,char,2355,9306,303
176,f64,9668,32162,911
176,tuple,3739,17764,473
176,fmt,5055,6505,363
176,future,969,2692,207
176,i64,9931,58983,820
176,u64,5869,26224,696
176,io,3182,4719,361
176,macros,163,619,132
176,macros::builtin,1227,2350,185
176,mem,2166,8158,303
176,object,7642,104515,998
176,ops,42793,547759,4072
176,ops::generator,5332,44879,509
176,option,8314,102805,857
176,result,5180,21321,606
176,stream,1751,4122,256
176,test,2043,4519,284
176,vec,6274,26826,641
176,slice,1874,30388,296
177,iter,46592,531504,2970
177,core,4002,10687,451
177,cmp,4474,15630,673
177,any,1688,3832,308
177,clone,2291,2599,237
177,num,2695,2324,182
177,hash,523,1494,176
177,string,12212,179814,1466
177,bytes,6628,33307,757
177,collections,1353,2266,272
177,collections::hash_map,9764,133524,869
177,collections::hash_set,11333,209637,867
177,collections::vec_deque,6546,67398,778
177,char,2398,9261,304
177,f64,9726,32346,991
177,tuple,3695,17755,461
177,fmt,4878,6366,355
177,future,941,2607,202
177,i64,9063,61699,825
177,u64,5923,24527,683
177,io,3077,4582,373
177,macros,172,601,148
177,macros::builtin,1272,2428,180
177,mem,2074,8006,328
177,object,8120,104999,1048
177,ops,42137,549763,4159
177,ops::generator,5385,46015,603
177,option,7676,103146,888
177,result,4704,21255,552
177,stream,1744,4021,292
177,test,1952,4466,300
177,vec,6121,25311,751
177,slice,1875,30409,278
179,iter,47515,557919,3061
179,core,3938,10881,359
179,cmp,4716,15734,621
179,any,1816,3857,289
179,clone,2308,2703,210
179,num,2847,2337,166
179,hash,563,1392,143
179,string,12746,174566,1467
179,bytes,6683,33245,759
179,collections,1345,2262,242
179,collections::hash_map,9811,136302,857
179,collections::hash_set,11317,206775,889
179,collections::vec_deque,7203,68907,893
179,char,2357,9164,323
179,f64,10250,32406,983
179,tuple,3796,17647,463
179,fmt,4705,6455,347
179,future,935,2581,182
179,i64,9034,61021,821
179,u64,6245,24374,640
179,io,3130,4583,350
179,macros,194,630,148
179,macros::builtin,1241,2438,180
179,mem,2124,7794,321
179,object,8153,103764,948
179,ops,44819,546375,3941
179,ops::generator,5335,46010,625
179,option,8186,104909,859
179,result,4981,21300,665
179,stream,1668,3999,282
179,test,1971,4510,253
179,vec,6485,25117,668
179,slice,1908,30492,277
182,iter,45366,531139,2963
182,core,3946,10655,430
182,cmp,4580,15852,611
182,any,2874,3927,266
182,clone,1143,2549,229
182,num,2020,2213,188
182,hash,534,1395,156
182,string,12264,176305,1550
182,bytes,6608,33784,849
182,collections,1374,2342,265
182,collections::hash_map,9333,138299,938
182,collections::hash_set,9875,210969,858
182,collections::vec_deque,6771,66921,868
182,char,2226,9134,331
182,f64,9912,32596,966
182,tuple,3858,17802,462
182,fmt,5221,6307,364
182,future,957,2691,194
182,i64,8464,61232,936
182,u64,6348,24286,705
182,io,3088,4528,363
182,macros,188,615,141
182,macros::builtin,1264,2416,190
182,mem,2147,7968,322
182,object,8053,105919,973
182,ops,42618,551699,4143
182,ops::generator,5379,46341,590
182,option,7848,102529,885
182,result,4553,21575,640
182,stream,1716,4134,274
182,test,2012,4459,249
182,vec,5701,25199,704
182,slice,1915,30661,267
183,iter,46378,527834,2917
183,core,3938,10573,426
183,cmp,4474,15604,599
183,any,2882,3773,268
183,clone,2226,2492,216
183,num,2227,2324,186
183,hash,547,1514,172
183,string,12320,175429,1420
183,bytes,6459,33596,756
183,collections,1343,2145,268
183,collections::hash_map,10806,137839,877
183,collections::hash_set,9737,208224,865
183,collections::vec_deque,6660,67516,791
183,char,2338,9357,318
183,f64,9832,32445,970
183,tuple,3967,17811,466
183,fmt,4837,6496,315
183,future,925,2605,210
183,i64,8413,61583,815
183,u64,5770,24550,639
183,io,3037,4637,349
183,macros,168,630,143
183,macros::builtin,1249,2377,179
183,mem,2151,7925,279
183,object,7955,105697,962
183,ops,42903,545975,4259
183,ops::generator,5313,45161,560
183,option,8058,104759,881
183,result,4902,21368,583
183,stream,1794,4144,262
183,test,1977,4581,273
183,vec,6127,25303,703
183,slice,1847,30460,260
188,iter,51246,546630,3923
188,core,4004,10537,489
188,cmp,4654,15904,667
188,any,1675,3779,294
188,clone,1071,2568,231
188,num,1984,2331,178
188,hash,542,1434,194
188,string,12070,175477,1538
188,bytes,6585,33597,747
188,collections,1355,2225,265
188,collections::hash_map,9655,132591,808
188,collections::hash_set,9956,222720,916
188,collections::vec_deque,7271,67655,824
188,char,2355,9155,321
188,f64,9836,32333,981
188,tuple,3736,17510,497
188,fmt,4877,6326,336
188,future,980,2702,216
188,i64,8511,61187,870
188,u64,6039,24469,606
188,io,3093,4620,367
188,macros,183,597,164
188,macros::builtin,1251,2440,188
188,mem,2036,7827,303
188,object,7740,105026,961
188,ops,42893,544352,4346
188,ops::generator,5485,45299,603
188,option,7818,104826,881
188,result,4816,21346,568
188,stream,1719,4116,274
188,test,1991,4348,309
188,vec,6143,25308,694
188,slice,1837,30069,277
189,iter,47757,533290,2978
189,core,3987,10853,453
189,cmp,4473,15755,669
189,any,2942,3924,324
189,clone,2234,2590,242
189,num,1953,2312,185
189,hash,523,1460,165
189,string,11994,175835,1517
189,bytes,6700,33708,753
189,collections,1404,2278,266
189,collections::hash_map,11138,134236,823
189,collections::hash_set,9558,210117,833
189,collections::vec_deque,7270,69210,894
189,char,2382,9379,354
189,f64,9787,32497,1005
189,tuple,3712,17676,442
189,fmt,5235,6262,338
189,future,946,2671,188
189,i64,8574,61312,847
189,u64,6387,24674,630
189,io,3022,4527,337
189,macros,171,592,116
189,macros::builtin,1210,2410,156
189,mem,2076,8150,311
189,object,8032,103638,954
189,ops,43498,544962,4139
189,ops::generator,5760,46040,600
189,option,8401,104683,896
189,result,5075,21456,618
189,stream,1728,4106,266
189,test,2154,4537,302
189,vec,5746,24996,696
189,slice,1972,30454,254
190,iter,45715,527949,3908
190,core,4014,10741,412
190,cmp,4795,15717,657
190,any,1820,3788,287
190,clone,1152,2429,217
190,num,1979,2253,196
190,hash,550,1451,154
190,string,12770,173279,1504
190,bytes,6447,35059,737
190,collections,1367,2257,282
190,collections::hash_map,9781,135266,849
190,collections::hash_set,11291,207085,841
190,collections::vec_deque,6842,67486,924
190,char,2480,9242,336
190,f64,9991,34038,1013
190,tuple,3771,17598,513
190,fmt,4953,6365,371
190,future,936,2679,228
190,i64,8548,61911,849
190,u64,5838,24517,653
190,io,3208,4644,362
190,macros,159,601,145
190,macros::builtin,1264,2328,188
190,mem,2129,7982,341
190,object,8228,104698,935
190,ops,46135,546274,4097
190,ops::generator,5519,45018,556
190,option,8115,104070,857
190,result,4960,21142,581
190,stream,1830,4017,257
190,test,1969,4345,303
190,vec,5762,25409,734
190,slice,1949,30336,264
191,iter,51428,529091,3068
191,core,3961,10532,459
191,cmp,4606,15871,676
191,any,2954,3899,334
191,clone,1186,2550,241
191,num,1950,2247,182
191,hash,562,1422,186
191,string,12143,175600,1578
191,bytes,6603,33454,759
191,collections,1367,2271,265
191,collections::hash_map,9138,134191,4631
191,collections::hash_set,9626,209228,866
191,collections::vec_deque,6948,67170,806
191,char,2262,9483,328
191,f64,9632,32623,934
191,tuple,3904,19226,440
191,fmt,5519,6350,335
191,future,984,2674,232
191,i64,8316,61102,846
191,u64,6127,24997,615
191,io,3136,4564,361
191,macros,178,628,151
191,macros::builtin,1213,2396,181
191,mem,2190,7995,319
191,object,7843,104254,961
191,ops,43109,545933,4173
191,ops::generator,7057,45845,593
191,option,8167,104872,832
191,result,4842,21162,599
191,stream,1724,4001,255
191,test,2243,4408,297
191,vec,5654,25469,705
191,slice,1920,30403,273
192,iter,57793,529917,3048
192,core,3810,10495,422
192,cmp,4537,16159,669
192,any,2972,3834,322
192,clone,2356,2613,220
192,num,2133,2297,173
192,hash,496,1450,144
192,string,11865,176526,1602
192,bytes,6014,33334,743
192,collections,1336,2200,275
192,collections::hash_map,10861,139505,819
192,collections::hash_set,10184,209421,839
192,collections::vec_deque,6980,66621,819
192,char,2371,9448,296
192,f64,10066,32686,954
192,tuple,3885,17813,478
192,fmt,4972,6391,338
192,future,891,2620,194
192,i64,8332,61846,826
192,u64,5982,24903,603
192,io,2975,4638,379
192,macros,172,593,124
192,macros::builtin,1230,2435,179
192,mem,2096,8036,287
192,object,7925,105815,1002
192,ops,43145,544315,3906
192,ops::generator,5315,45264,613
192,option,8011,103100,870
192,result,4934,21465,583
192,stream,1738,3976,272
192,test,1989,4513,275
192,vec,5891,25234,712
192,slice,1786,30564,260
193,iter,46334,529519,2944
193,core,3937,10579,402
193,cmp,5907,16189,664
193,any,2854,3834,308
193,clone,1181,2586,198
193,num,2105,2296,182
193,hash,563,1503,130
193,string,13008,175151,1519
193,bytes,6700,33624,705
193,collections,1358,2213,265
193,collections::hash_map,9730,138362,837
193,collections::hash_set,9856,209692,906
193,collections::vec_deque,7182,66905,852
193,char,2215,9534,256
193,f64,9892,32683,884
193,tuple,3887,24182,511
193,fmt,5399,6487,345
193,future,947,2672,196
193,i64,9157,60903,892
193,u64,6055,24633,620
193,io,3193,4513,352
193,macros,171,615,160
193,macros::builtin,1212,2419,188
193,mem,2181,8091,294
193,object,7793,105795,922
193,ops,43110,548287,4034
193,ops::generator,5367,46982,574
193,option,8226,103811,823
193,result,5106,21480,596
193,stream,1759,4105,269
193,test,2103,4561,263
193,vec,6429,24894,705
193,slice,1892,31044,253
195,iter,46813,527650,2885
195,core,3941,10863,368
195,cmp,5796,15726,626
195,any,1746,3796,267
195,clone,2256,2636,223
195,num,3276,2283,176
195,hash,512,1401,135
195,string,12056,175629,1528
195,bytes,6569,33397,811
195,collections,1420,2185,258
195,collections::hash_map,14635,134408,869
195,collections::hash_set,9820,208214,904
195,collections::vec_deque,7454,66787,815
195,char,2378,9383,310
195,f64,11397,32002,926
195,tuple,3726,17582,470
195,fmt,5008,6395,363
195,future,1016,2629,182
195,i64,8362,60578,912
195,u64,5743,24410,619
195,io,3189,4553,337
195,macros,204,630,159
195,macros::builtin,1218,2355,184
195,mem,2124,8157,318
195,object,7598,103474,903
195,ops,44412,543539,4070
195,ops::generator,5256,46037,591
195,option,7958,104442,889
195,result,5023,21348,614
195,stream,1661,4071,259
195,test,2084,4384,248
195,vec,5625,25590,722
195,slice,1823,30751,285
196,iter,44871,527165,2976
196,core,4204,10564,482
196,cmp,4612,17337,678
196,any,1704,3792,264
196,clone,2258,2559,240
196,num,2154,2199,193
196,hash,527,1464,160
196,string,12480,179130,1556
196,bytes,6484,33032,814
196,collections,1384,2231,248
196,collections::hash_map,12719,132720,822
196,collections::hash_set,10132,209256,867
196,collections::vec_deque,6838,66997,824
196,char,2366,9489,292
196,f64,9691,33947,939
196,tuple,3959,17722,492
196,fmt,4926,6370,332
196,future,933,2717,194
196,i64,8346,61601,865
196,u64,6522,24536,616
196,io,2963,4545,364
196,macros,166,616,122
196,macros::builtin,1260,2287,190
196,mem,2042,7880,313
196,object,8091,104127,910
196,ops,43142,548606,4085
196,ops::generator,5378,45490,579
196,option,8120,105036,896
196,result,5018,21467,616
196,stream,1720,4083,238
196,test,1968,4413,252
196,vec,5733,25545,723
196,slice,1875,30770,274
198,iter,46710,531052,2961
198,core,3987,10698,420
198,cmp,4567,15810,615
198,any,1704,3754,284
198,clone,2330,2645,219
198,num,2228,2237,177
198,hash,542,1468,146
198,string,12309,176853,1479
198,bytes,6018,33257,683
198,collections,1319,2234,241
198,collections::hash_map,10981,138835,865
198,collections::hash_set,9901,210483,812
198,collections::vec_deque,6615,67365,909
198,char,2312,9380,278
198,f64,9718,31992,897
198,tuple,3778,18052,434
198,fmt,5066,6338,311
198,future,999,2755,193
198,i64,9102,60914,852
198,u64,5822,24630,620
198,io,3075,4536,347
198,macros,173,625,168
198,macros::builtin,1265,2433,180
198,mem,2103,8075,309
198,object,7673,107178,935
198,ops,42838,543302,3972
198,ops::generator,5224,46168,534
198,option,8346,103323,826
198,result,4922,21421,627
198,stream,1738,4053,242
198,test,2041,4305,258
198,vec,5846,24992,691
198,slice,1906,30706,273
